id,name,shop_url,agb_url;
1,real GmbH,www.real.de,https://www.real.de/rechtliches/agb/;
2,comtech GmbH,www.comtech.de,https://www.comtech.de/unsere-agb;
3,Cyberport GmbH,www.cyberport.at,https://www.cyberport.at/cms/2/1/0/0/cms.html?DOCID=20281;
4,computeruniverse GmbH,www.computeruniverse.net,https://www.computeruniverse.net/en/page/allgemeine-geschaeftsbedingungen;
5,Handelshaus Wagner GmbH,www.elektroshopwagner.de,https://www.elektroshopwagner.de/shop_content.php/coID/3/content/Unsere-AGB;
6,Büromarkt Böttcher AG,www.bueromarkt-ag.de,https://www.bueromarkt-ag.de/agb/agb.php;
7,notebooksbilliger.de AG,www.notebooksbilliger.de,http://www.notebooksbilliger.de/infocenter.php/section/conditions;
8,OTTO (GmbH & Co. KG),www.otto.de,https://www.otto.de/shoppages/service/agb;
9,ALTERNATE GmbH,www.alternate.de,https://www.alternate.de/HILFE/ALTERNATE/AGB;
10,Re-In Retail International GmbH,www.voelkner.de,https://www.voelkner.de/AGB.html;
11,Saturn online GmbH,www.saturn.de,https://www.saturn.de/?layer=terms&rbtc=ide%7Cpf%7Cagb%7C%7Cp%7C%7C;
12,Media Markt E-Business GmbH,www.mediamarkt.de,https://www.mediamarkt.de/?layer=terms;
13,myToolStore GmbH,www.mytoolstore.de,https://www.mytoolstore.de/conditions.php;
14,Jacob Elektronik GmbH,www.jacob.de,https://www.jacob.de/agb.html;
15,Euro-Apotheke K. Talu e.K.,www.eurapon.de,https://www.eurapon.de/agb;
16,Foto Erhardt GmbH,www.foto-erhardt.de,https://www.foto-erhardt.de/AGB.html;
17,Elektro2000 Handelsgesellschaft mbH,www.elektro2000.de,https://www.elektro2000.de/index.php/allgemeine-geschaeftsbedingungen2;
18,Drucker.de IT-Handelsgesellschaft mbH,www.drucker-guenstiger.de,https://www.drucker-guenstiger.de/agb;
19,Pixxass e.K.,www.pixxass.de,https://www.pixxass.de/AGB-und-Kundeninformationen;
20,Elektro Reiners Systemtechnik GmbH,www.elektroradar.de,https://www.elektroradar.de/epages/ElektroRadar.sf/agb.html;
21,elektro-plus GmbH,www.elektro-plus.de,http://www.elektro-plus.de/discl.htm;
22,Crowdfox GmbH,www.crowdfox.com,https://www.crowdfox.com/agb.html;
23,21run GmbH,www.21run.com,https://www.21run.com/terms-conditions/;
24,FC-Moto GmbH & Co. KG,www.fc-moto.de,https://www.fc-moto.de/epages/fcm.sf/de_DE/?ObjectPath=/Shops/10207048/Categories/TermsAndConditions;
25,OnlineDeal24 GmbH,www.onlinedeal24.de,https://www.onlinedeal24.de/agb-kundeninfo,%20https://www.onlinedeal24.de/agb-kundeninfo;
26,büroshop24 GmbH,www.bueroshop24.de,https://www.bueroshop24.de/hilfe/agb/;
27,Rubart GmbH,www.rubart.de,https://www.rubart.de/Unsere-AGB-s-coID3;
28,Future-X GmbH,www.future-x.de,https://www.future-x.de/conditions.php;
29,Lidl Digital International GmbH & Co. KG,www.lidl.de,https://www.lidl.de/de/allgemeine-geschaeftsbedingungen-onlineshop/s6;
30,AO Deutschland Ltd.,www.ao.de,https://www.ao.de/hilfe-service/rechtliches/agb;
31,MEDION AG,www.medion.com,http://www.medion.com/de/MedionCmsLightbox.html?contentCode=footer_agb;
32,Mindfactory AG,www.mindfactory.de,https://www.mindfactory.de/info_center.php/icID/59;
33,Duttenhofer GmbH & Co. KG,www.technikdirekt.de,https://www.technikdirekt.de/agb;
34,Re-In Retail International GmbH,www.digitalo.de,https://www.digitalo.de/AGB.html;
35,digital-versand.de Online GmbH,www.xenudo.de,http://www.xenudo.de/agb/page.html;
36,insani GmbH,insani24.de,https://insani24.de/;
37,Kruse Reinigungstechnik und Hygienebedarf GmbH & Co. KG,www.reinigungsberater.de,https://www.reinigungsberater.de/agb/agb.php;
38,cw-mobile GmbH,www.idealo.de,https://www.idealo.de/preisvergleich/Shop/279388.html;
39,marsmedia GmbH,www.mars-media-elektronik.de,http://www.mars-media-elektronik.de/seiten/2/de/agb.html;
40,RedZilla GmbH,www.redzilla.de,https://www.redzilla.de/AGB;
41,RB Handelsgesellschaft mbH,www.my-solution.shop,https://www.my-solution.shop;
42,Handelshaus Wagner GmbH,www.campingwagner.de,https://www.campingwagner.de/shop_content.php/coID/25/content/Unsere-AGB;
43,Outlet46.de GmbH,www.outlet46.de,https://www.outlet46.de/content/agb/;
44,easyCOSMETIC Beauty Perfectionists Ltd.,www.easycosmetic.de,https://www.easycosmetic.de/agbs.aspx;
45,milan GmbH,www.milan.berlin,https://www.milan.berlin/agb;
46,Bauer-Elektro-Service & Technik GmbH,www.mybauer.de,https://www.mybauer.de/10246_AGBs.html;
47,Dirk & Thomas Wermuth GbR,www.wermuth.de,https://www.wermuth.de/50666_agb.html;
48,HQ-Patronen GmbH,www.hq-patronen.de,https://www.hq-patronen.de/info/agb;
49,Apotheke im Paunsdorf Center Kirsten Fritsch e. K.,www.apolux.de,https://www.apolux.de/agb;
50,internetstores GmbH,www.bruegelmann.de,https://www.bruegelmann.de/agb.html;
51,NeS GmbH,www.plus.de,https://www.plus.de/agb;
52,Proshop ApS,www.proshop.de,https://www.proshop.de/Allgemeine-Geschaeftsbedingungen.htm;
53,TintenCenter.com GmbH,www.tintencenter.com,https://www.tintencenter.com/agb/;
54,Fernseh Berlet GmbH & Co. KG,www.berlet.de,https://www.berlet.de/uber-berlet/agb-online/;
55,GoJames GmbH,www.fritzreifen.de,https://www.fritzreifen.de/agb;
56,internetstores GmbH,www.fahrrad.de,https://www.fahrrad.de/information-navi/kundenservice/agb.html;
57,HOM Home of Malts GmbH,www.homeofmalts.com,https://www.homeofmalts.com/agb;
58,Agire GmbH & Co. KG,www.banemo.de,https://www.banemo.de/unsere-agb.html;
59,Zahrt Handels-GmbH,werkzeugstore24.de,https://werkzeugstore24.de/agb/;
60,Flaconi GmbH,www.flaconi.de,https://www.flaconi.de/agb/;
61,Foto Köster OHG,www.foto-koester.de,https://www.foto-koester.de/agb;
62,Office Partner GmbH,www.office-partner.de,https://www.office-partner.de/index.php?cl=info&tpl=agb.tpl;
63,Westfalia Werkzeugcompany GmbH & Co.KG,www.westfalia.de,https://www.westfalia.de/static/unternehmen/agb.html;
64,AFA-Fotohandel e.K.,afa-fotoversand.de,https://afa-fotoversand.de/agb;
65,MVI Media Vertrieb International GmbH,www.energeto.de,https://www.energeto.de/informationen/agb-online/;
66,reifencom GmbH,www.reifen.com,https://www.reifen.com/de/faq/agb;
67,batterium GmbH,www.autobatterienbilliger.de,https://www.autobatterienbilliger.de/AGB;
68,BaSBa Batterien GmbH,basba.de,https://basba.de/agb/;
69,moebelplus GmbH,www.moebelplus.de,https://www.moebelplus.de/allgemeine_geschaeftsbedingungen;
70,Haus und Garten Internethandels GmbH,www.baumarkteu.de,https://www.baumarkteu.de/index.php?route=product/search&filter_name=allgemeine-geschaeftsbedingungen&filter_sub_category=true;
71,Inhaber: Göran Völker,www.parfumerie-discounter.de,https://www.parfumerie-discounter.de/AGB;
72,parfümerie akzente GmbH,www.parfumdreams.de,https://www.parfumdreams.de/AGB-und-Kundeninformationen;
73,MSK Bürotechnik u. Handels GmbH,www.tonerpreis.de,https://www.tonerpreis.de/agb;
74,eXXpozed - sports & fashion Andreas Oliver Bindhammer e. K.,www.exxpozed.de,https://www.exxpozed.de/;
75,KochForm GmbH,www.kochform.de,https://www.kochform.de/AGB.html;
76,expert TechnoMarkt Online GmbH & Co. KG,www.expert-technomarkt.de,https://www.expert-technomarkt.de/cms/agb.html;
77,SGRO Handels GmbH & Co. KG,www.softwarepalast.de,https://www.softwarepalast.de/AGB-und-Kundeninformationen:_:3.html;
78,HIFI & FOTO KOCH GmbH,www.fotokoch.de,https://www.fotokoch.de/content/agb.shtml;
79,Delticom AG,www.reifendirekt.de,https://www.reifendirekt.de/AGBs.html;
80,LeuchtenZentrale GmbH,www.leuchte.de,https://www.leuchte.de/agb;
81,Volt Venture GmbH,www.clevertronic.de,https://www.clevertronic.de/agb;
82,Andrea Erdmann,www.warsteiner-fotoversand.eu,https://www.warsteiner-fotoversand.eu/de/Unsere-AGB;
83,Smartino GmbH & Co. KG,www.idealo.de,https://www.idealo.de/preisvergleich/Shop/25916.html;
84,Versandapotheke DocMorris N.V.,www.docmorris.de,https://www.docmorris.de/service/bestellung/agb;
85,Cocopanda.de GmbH,www.cocopanda.de,https://www.cocopanda.de/agb;
86,Home24 SE,cdn.home24.net,http://cdn.home24.net/static/media/om/terms-conditions/de/agbs.pdf;
87,Rudolf Wiegand und Partner GmbH,www.tonermacher.de,https://www.tonermacher.de/agb;
88,ukw24 GmbH,www.screenmaxx.com,https://www.screenmaxx.com/agb;
89,Eye & Lenses Ltd. & Co. KG,www.1a-sehen.de,https://www.1a-sehen.de/Unsere-AGB:_:3.html;
90,André Schilling,www.parfuemfuerdich.de,https://www.parfuemfuerdich.de/agb.html;
91,A.T.I. Autoteile Immler,www.autoteile-immler.com,https://www.autoteile-immler.com/agb;
92,Tirendo Deutschland GmbH,www.tirendo.de,https://www.tirendo.de/agb/;
93,0815 Online Handel GmbH,www.0815.eu,https://www.0815.eu/agb;
94,Stabilo Werkzeugfachmarkt für Haus-Hof-Freizeit GmbH,www.stabilo-fachmarkt.de,https://www.stabilo-fachmarkt.de/content/agb;
95,Entertainment Trading ApS,www.coolshop.de,https://www.coolshop.de/minisite/t/terms;
96,eCom-Dresden OHG,www.allego.de,https://www.allego.de/agb.html;
97,Alexander Vogel,www.gamingoase.de,https://www.gamingoase.de/de/unsere-agb;
98,Hausgeräte Hamp,www.hamp-hausgeraete.de,https://www.hamp-hausgeraete.de/agb;
99,MP Vertriebs GmbH,www.idealo.de,https://www.idealo.de/preisvergleich/Shop/207019.html;
100,H. von Roon KG,www.hvr-24.de,https://www.hvr-24.de/agb;
101,ARDMED Medical Supplies GmbH & Co. KG,www.ardmed.de,https://www.ardmed.de/AGB-Widerruf;
102,Drogerie-Depot E-Commerce GmbH,www.drogeriedepot.de,https://www.drogeriedepot.de/impressum.php?id=2;
103,SKIHAUS HELLENBERG e.K.,www.ski-andmore.de,https://www.ski-andmore.de/content/agb;
104,SportObchod.cz s.r.o.,www.sportega.de,https://www.sportega.de/s/allgemeine-geschaeftsbedingungen-209;
105,point-rouge GmbH,www.point-rouge.de,https://www.point-rouge.de/agb;
106,Inh: Dirk Hahn,www.ac-sat-corner.eu,https://www.ac-sat-corner.eu/AGB;
107,Giga GmbH,www.giga-reifen.de,https://www.giga-reifen.de/AGBs.html;
108,Foto Thun GmbH,www.fotothun.de,https://www.fotothun.de/shop_content.php/coID/3/product/AGB;
109,SADIK AKSOY e.K.,www.satboerse24.de,https://www.satboerse24.de/AGB;
110,ukw24 GmbH,www.tecedo.de,https://www.tecedo.de/agb;
111,office direct GmbH,www.tintenfux.de,https://www.tintenfux.de/UgsTTConditionsView;
112,Stefan Grünewald e.K.,www.mp3-player.de,https://www.mp3-player.de/index.php?page=agb2;
113,AMS e-commerce GmbH,www.alles-mit-stecker.de,https://www.alles-mit-stecker.de/AGB-und-Kundeninformation:_:3.html;
114,Satkontor GmbH,www.satkontor.de,https://www.satkontor.de/golden-media.html;
115,Florian Müller,parfumgroup.de,https://parfumgroup.de/terms-of-use;
116,SatKing GmbH,www.satking.de,https://www.satking.de/AGB;
117,Genius GmbH,www.genius.tv,https://www.genius.tv/agb;
118,CSV Computer Service & Vertrieb,www.csv-direct.de,http://www.csv-direct.de/agb.html;
119,IPC Computer Deutschland GmbH,www.ipc-computer.de,https://www.ipc-computer.de/conditions.php;
120,HM-Sat GmbH,www.hm-sat-shop.de,https://www.hm-sat-shop.de/agb-und-kundeninfo;
121,Sport-Tiedje GmbH,www.sport-tiedje.de,https://www.sport-tiedje.de/allgemeine-geschaeftsbedingungen;
122,Eichhorn AG,www.mein-online-baumarkt.de,https://www.mein-online-baumarkt.de/shop/agb/about/70/;
123,f1-reifen.de - Inh. Frank Thurau,www.f1-reifen.de,https://www.f1-reifen.de/AGB;
124,OTTO Office GmbH & Co KG,www.otto-office.com,http://www.otto-office.com/de/agbs.obtshop?wkid=OO-4-DEbtW2g2n7RlSoRwCy&utm_campaign=direct&utm_medium=directurl&utm_source=katalog&utm_content=agb;
125,Delticom AG,www.autoteile-meile.de,https://www.autoteile-meile.de/agb;
126,PDA Max GmbH & Co. KG,www.pdamax.de,https://www.pdamax.de/agb.html;
127,Manfred Jilg e.K.,www.technik-profis.de,https://www.technik-profis.de/agb;
128,SVH Handels-GmbH,www.svh24.de,https://www.svh24.de/agb;
129,CSC Spretz GmbH,www.reifentiefpreis24.de,https://www.reifentiefpreis24.de/conditions.php;
130,Bodfeld-Apotheke e.K.,www.bodfeld-apotheke.de,https://www.bodfeld-apotheke.de/content/agb.1001.html;
131,REIFF Reifen und Autotechnik GmbH,www.reifendiscount.de,https://www.reifendiscount.de/de/rd/agb.html;
"132,Ellerbrock ""Bad und Küche"" GmbH,www.ellerbrockshop.de,http://www.ellerbrockshop.de/unsere-agb";
133,Stifts-Apotheke e.K. Inhaberin Christiane Bülow-Bichler,www.medpex.de,https://www.medpex.de/support/help/article/view/38/8/agb-allgemeine-geschaeftsbedingungen;
134,Thomas Seifert,www.toms-car-hifi.de,https://www.toms-car-hifi.de/agb;
135,Fritz-Walter Mescher e.K.,www.premiumshop24.de,http://www.premiumshop24.de/agb/;
136,ARS24 GmbH & Co. KG,www.ars24.com,https://www.ars24.com/agb-kundeninformation;
137,NetFactory Gesellschaft für Netzwerklösungen mbH,www.easynotebooks.de,https://www.easynotebooks.de/Impressum;
138,celexon Germany GmbH & Co. KG,www.beamershop24.de,https://www.beamershop24.de/de/unternehmen/agb;
139,Priz GmbH,www.priz24.de,http://www.priz24.de/agb;
140,Amazon EU SARL,www.amazon.de,https://www.amazon.de/gp/help/customer/display.html?ie=UTF8&nodeId=505048;
141,Pharmeo - der Versandhandel der City-Apotheke e.K.,www.pharmeo.de,https://www.pharmeo.de/shop_content.php/coID/3/content/AGB;
142,Office Partner GmbH,www.365tageoffen.de,https://www.365tageoffen.de/unternehmen/AGB_custom_4.html;
143,slewo // schlafen leben wohnen GmbH,www.slewo.com,https://www.slewo.com/static/files/agb20170313.pdf;
144,GLOBUS hitseller GmbH,www.hitseller.de,https://www.hitseller.de/shop.php?mode=show_page&page=terms&lang=de&sid=;
145,myToys.de GmbH,www.mytoys.de,https://www.mytoys.de/c/agb.html;
146,Reifendachs - Inh. Roberto Marschel,www.reifendachs.de,https://www.reifendachs.de/agb.html;
147,CHAL-TEC GmbH,www.elektronik-star.de,https://www.elektronik-star.de/Info/AGB/;
148,Ten Dance Media Verlag e.K.,www.grooves.land,https://www.grooves.land/conditions.php;
149,AmbienteDirect GmbH,www.ambientedirect.com,https://www.ambientedirect.com/allgemeine-infos/agb;
150,Zentral Drogerie GmbH,www.zentraldrogerie.de,https://www.zentraldrogerie.de/agb;
151,System Com 99 e.K. - Inhaber Markus Müller,www.besserepreise.com,https://www.besserepreise.com/data/attachements/order/agb.pdf;
152,Projektor AG,www.beamer-discount.de,https://www.beamer-discount.de/agb_content.html;
153,R.O.D. Leichtmetallräder GmbH,www.apadio.de,https://www.apadio.de/agb;
154,AC-FOTO Handels GmbH,www.ac-foto.com,https://www.ac-foto.com/onlineshop/ac-foto/index.php?section=agb;
155,CSMusiksysteme GmbH,csmusiksysteme.net,https://csmusiksysteme.net/AGB/;
156,Thomas Steindorf - Sabath e.K,www.fotoversand24.de,https://www.fotoversand24.de/agb/;
157,Sporthaus Redler GmbH,www.sport-redler.de,https://www.sport-redler.de/agb.php;
158,Elektromarkt-Schmaus Inh.Willi Schmaus,www.schmausshop.de,https://www.schmausshop.de/de/wisl_s-cms/_redaktionell/1/Informationen/1/.html;
159,SurfFact GmbH,www.surffact.de,https://www.surffact.de/de/Unsere-AGB.html;
160,Leine Apotheke Jakob Herzog e.K.,www.aposalis.de,https://www.aposalis.de/informationen/db/AGB.html;
161,Skandic GmbH,www.skandic.de,https://www.skandic.de/terms;
162,4 allsports GmbH,www.4thebike.de,https://www.4thebike.de/agb;
163,ABH-Nord GmbH,batterie24.de,https://batterie24.de/abg;
164,Danto GmbH,www.danto.de,https://www.danto.de/agb/;
165,ascasa GmbH,www.ascasa.de,https://www.ascasa.de/Allgemeine-Geschaeftsbedingungen:_:3.html;
166,Re-In Retail International GmbH,www.smdv.de,https://www.smdv.de/AGB.html;
167,ascasa GmbH,www.ascasa.de,https://www.ascasa.de/Allgemeine-Geschaeftsbedingungen:_:3.html;
168,Markenkoffer GmbH,www.markenkoffer.de,https://www.markenkoffer.de/AGB/;
169,MKG-Innovations Group GmbH & Co. KG,www.idealo.de,https://www.idealo.de/preisvergleich/Shop/21043.html;
170,Elektrotechnik Schmitt - Michael Schmitt,www.etoh24.de,https://www.etoh24.de/index.php?id=2;
171,BRASTY GROUP s.r.o.,www.brasty.de,https://www.brasty.de/agb;
172,Sportgigant Lindpointner GmbH & Co KG,sportgigant.at,https://sportgigant.at/store/cms.php?id_cms=3?id_cms=3;
173,Martin Kraft e.K.,www.more-than-coffee.de,https://www.more-than-coffee.de/AGB;
174,babymarkt.de GmbH,www.babymarkt.de,https://www.babymarkt.de/allgemeine-geschaeftsbedingungen/;
175,Markus Felber,www.moebel-universum.de,https://www.moebel-universum.de/agb;
176,goodwheel GmbH,www.goodwheel.de,https://www.goodwheel.de/agb/;
177,Beauty Shop DE GmbH,www.parfum-zentrum.de,https://www.parfum-zentrum.de/allgemeine-geschaeftsbedingungen;
178,1-2-3.TV GmbH,www.1-2-3.tv,https://www.1-2-3.tv/agb/;
179,Danny Pfeiffer,www.tandmore.de,http://www.tandmore.de/Unsere-AGB:_:3.html;
180,KP Family International GmbH,www.babyartikel.de,https://www.babyartikel.de/agb;
181,BIKER-BOARDER,www.biker-boarder.de,http://www.biker-boarder.de/shopware/unternehmen/Allgemeine-Geschaeftsbedinungen_custom_4.html;
182,easyApotheke Versand,www.easyapotheke.de,https://www.easyapotheke.de/content/de/AGB.html;
183,Moto-Thek im Elztal GmbH Motorradbekleidung,www.moto-akut.de,https://www.moto-akut.de/agb;
184,Ravensburger Fotoversand Foto Bantle GmbH,www.fotobantle.de,https://www.fotobantle.de/info/allgemeine-geschaeftsbedingungen.html;
185,Notino Deutschland und Österreich GmbH,www.notino.de,https://www.notino.de/agbs/;
186,SOPO Handelsges.m.b.H,www.sopo.at,https://www.sopo.at/Unsere-AGB:_:3.html;
187,Leuchten Zentrale GmbH,www.leuchtenzentrale.de,https://www.leuchtenzentrale.de/agb;
188,motoin GmbH,www.motoin.de,https://www.motoin.de/AGB:_:3.html;
189,ipill.de - Versandapotheke der Adler-Apotheke,www.ipill.de,https://www.ipill.de/agb;
190,NeS GmbH,www.gartenxxl.de,https://www.gartenxxl.de/is-bin/INTERSHOP.enfinity/WFS/Plus-GartenXXLDE-Site/de_DE/-/EUR/ViewStandardCatalog-ByName?CategoryName=agb&CategoryDomainNameSuffix=InformationPages;
191,Alza.cz a.s.,www.alza.de,https://www.alza.de/allgemeine-geschaeftsbedingungen-art10097.htm;
192,MIFU Spielwarenhandels GmbH,www.mifus.de,https://www.mifus.de/agb-rechtliches/;
193,autoworld24 GmbH & Co. KG,www.autoworld24.de,https://www.autoworld24.de/allgemeine_geschaeftsbedingungen;
194,MKG-Innovations Group GmbH & Co. KG,www.elektrogeraeteshop.de,https://www.elektrogeraeteshop.de/FAQ;
195,Duschmeister GmbH & Co. KG,www.duschmeister.de,https://www.duschmeister.de/kontakt-agb.php;
196,Krähe-Versand GmbH & Co. KG,www.world-of-western.com,https://www.world-of-western.com/shop/?00000000000000ad0051006f0000004c000004c5&navid=103&prevnavid=103&currblock=1;
197,Alfred Höfle e. K.,www.idealo.de,https://www.idealo.de/preisvergleich/Shop/297711.html;
198,Skyport GmbH,www.finebuy.de,https://www.finebuy.de/content/agb/;
199,Grünspar GmbH,www.gruenspar.de,https://www.gruenspar.de/agb;
200,Klokow Industrietechnik GmbH,www.klokow-gmbh.de,https://www.klokow-gmbh.de/AGB-s.html;
201,F & M Computer Systemhaus GmbH,www.f-m-shop.de,https://www.f-m-shop.de/;
202,workstation Hannover GmbH,www.hardwarehouse.de,https://www.hardwarehouse.de/shop_content.php?coID=3&XTCsid=adkl1702preha99e2c0ag3disv8vd6fklf67i3khve5g6bjgqaa0;
203,DIMAXA GmbH,www.dimaxa.de,https://www.dimaxa.de/agb;
204,Delticom AG,www.mein-reifen-guru.de,https://www.mein-reifen-guru.de/AGBs.html?dsco=312&cart_id=2263403.312.7934&Cookie=&s_p=AGBs;
205,Global-Kitchen & Electrics GmbH,www.global-kitchen.de,https://www.global-kitchen.de/AGB;
206,Marcel Schoroth,www.fairsandhaus.com,https://www.fairsandhaus.com/content/agb/;
207,Fleischmann GmbH,www.fleischmann-werkzeuge.de,https://www.fleischmann-werkzeuge.de/agb;
208,kfzteile24 GmbH,www.kfzteile24.de,https://www.kfzteile24.de/agb;
209,Trisuno | Sebastian Fischer,www.rauchmelder-experten.de,https://www.rauchmelder-experten.de/agb;
210,Mega-Sparmarkt GmbH,www.megasparmarkt.de,https://www.megasparmarkt.de/ueber-uns/agb/;
211,Markenschlaf GmbH,www.markenschlaf.de,https://www.markenschlaf.de/?ToShow=ContentSearch&Params%5BSearchParam%5D=ueber+uns+agb;
212,Artavola GmbH,www.tischwelt.de,https://www.tischwelt.de/Service/Rechtliches/AGB/;
213,Tito-Express,shop.tito-express.de,https://shop.tito-express.de/Conditions;
214,BB Sport GmbH & Co. KG,www.dein-klettershop.de,https://www.dein-klettershop.de/dein-klettershop/agb/;
215,Maternia,www.321linsen.de,https://www.321linsen.de/agb.html;
216,Forum Apotheke - Apotheker Maximilian Thoma e.K.,www.meine-onlineapo.de,https://www.meine-onlineapo.de/agb_popup.php;
217,ACH Autocolor Marc Becker KG,www.ach-shop.com,https://www.ach-shop.com/allgemeine-geschaeftsbedingungen-agb;
218,Tasko Products GmbH,www.koffer-arena.de,https://www.koffer-arena.de/AGBs/;
219,Foto Mundus Inh. Lutz Bergknecht e.K.,www.foto-mundus.de,https://www.foto-mundus.de/agb;
220,CS-Multimedia GmbH,www.cs-multimedia.de,https://www.cs-multimedia.de/AGB-und-Kundeninformationen;
221,Bepro GmbH,www.profitoner.de,https://www.profitoner.de/shop_content.php?coID=3;
222,mediafrost.de,www.mediafrost.de,https://www.mediafrost.de/AGB.html;
223,BIKEBOX GmbH,www.bikebox-shop.de,https://www.bikebox-shop.de/content/agb/;
224,HGO GmbH,www.hgo.de,https://www.hgo.de/shop_content.php/coID/3/content/Unsere-AGB;
225,office direct GmbH,www.expresstinte.de,https://www.expresstinte.de/AGB?catalogId=1&storeId=112&langId=-3;
226,notebooksbilliger.de AG,www.nullprozentshop.de,https://www.nullprozentshop.de/agb/;
227,COM-OIL Energie + Service GmbH,www.motoroel24.de,https://www.motoroel24.de/information/agb;
228,Delticom AG,www.mein-reifen-outlet.de,https://www.mein-reifen-outlet.de/AGBs.html;
229,AW Maschinenhandel - Inhaber: Adalbert Wieczorek,www.aw-tools.de,https://www.aw-tools.de/AGB;
230,Foto Wöhrstein OHG,foto-woehrstein.de,https://foto-woehrstein.de/shop/de/unsere-agb;
231,Matthias Schweitzer - it-schweitzer,it-schweitzer.de,https://it-schweitzer.de/agb;
232,eXXpozed - sports & fashion Andreas Oliver Bindhammer e.K.,www.outdoorsports24.com,https://www.outdoorsports24.com/unsere-agb;
233,KB KfZ-Teile Internet Vertriebs GmbH,www.reifenchampion.de,https://www.reifenchampion.de/agb.html;
234,Küchentechnik-Müller,www.kuechentechnik-mueller.de,https://www.kuechentechnik-mueller.de/Shop/Index/index.php?sites=AGBs;
235,reifencom GmbH,www.reifen-richtig-billig.de,https://www.reifen-richtig-billig.de/de/faq/agb;
236,Toolstrade Inh. Thomas Hoffmann e.K.,www.werkzeugdiscount24.de,https://www.werkzeugdiscount24.de/AGB;
237,Die Rappelkiste Spielwaren GmbH,exoneit.de,https://exoneit.de/default.asp?ex=seiten:darstellen.asp&shopagb=1;
238,Tires2go.de - Inhaber: Roy Bachem,tires2go.de,https://tires2go.de/agb.php;
239,duo schreib & spiel  Verwaltungsgesellschaft mbH & Co. Vertriebs KG,www.duo-shop.de,https://www.duo-shop.de/de-DE/Terms;
240,Caseking GmbH,www.caseking.de,https://www.caseking.de/agb;
241,Patchwork Enterprise International GmbH,www.augenliebe.de,https://www.augenliebe.de/cgi-bin/loadhtml.cgi?seite=agb;
242,Mounaco Elektrowerkzeuge,www.mounaco.de,https://www.mounaco.de/shop/shop_content.php?coID=3;
243,E-Tyre GmbH,www.e-tyre.de,http://www.e-tyre.de/agb.html;
244,internetstores GmbH,www.campz.de,https://www.campz.de/service-information/kundenservice/agb.html;
245,Cosse GmbH,www.cosse.de,https://www.cosse.de/shop/Shop-Info/AGB/;
246,Achim Weyrauch,www.elektrowelt24.eu,https://www.elektrowelt24.eu/shop/shop_content.php?coID=3;
247,Boomstore GmbH & Co. KG,www.boomstore.de,https://www.boomstore.de/AGB/;
248,MP-Vertriebs GmbH,mp-kuechen.de,https://mp-kuechen.de/shop_content.php?coID=3;
249,ePetworld GmbH,www.hundeland.de,https://www.hundeland.de/agb;
250,internetstores GmbH,www.bikeunit.de,https://www.bikeunit.de/agb.html;
251,Foto Götz GmbH,shop.digimas.com,http://shop.digimas.com/shop_content.php?coID=3;
252,Brille24 GmbH,www.brille24.de,https://www.brille24.de/agb.html;
253,Shop-Apotheke Service B.V,www.shop-apotheke.com,https://www.shop-apotheke.com/versandapotheke_agb.htm;
254,ad 3000 moebelconcept e. k.,www.moebelconcept24.de,https://www.moebelconcept24.de/agb.html;
255,K & M Computer GmbH & Co. KG,www.kmcomputer.de,https://www.kmcomputer.de/unsere-agb;
256,Helmut Staude GmbH & Co. KG,www.mykitchens.de,https://www.mykitchens.de/mykitchens/agb/;
257,Wein Schmidt GmbH,www.fabelhafter-wein.de,https://www.fabelhafter-wein.de/agb;
258,FOTO GARACK,fotohausgarack.rf-webworld.de,https://fotohausgarack.rf-webworld.de/info/agb;
259,tennistown GmbH,www.tennistown.de,https://www.tennistown.de/conditions.php;
260,Apologistics GmbH,www.apodiscounter.de,https://www.apodiscounter.de/agb;
261,Pieper GmbH & Co. KG Großhandel,www.grillshop-24.de,https://www.grillshop-24.de/index.php?id=51;
262,Thomann GmbH,www.thomann.de,https://www.thomann.de/de/compinfo_terms.html;
263,HDK AG,www.hertie.de,https://www.hertie.de/agbs.asp;
264,OTTO (GmbH & Co KG),www.neckermann.de,https://www.neckermann.de/service/agb;
265,Elektroland Tillmann GmbH,shop.elektroland.de,https://shop.elektroland.de/info/allgemeine-geschaeftsbedingungen.html;
266,Scooter Autoservice GmbH,www.goodtires.de,http://www.goodtires.de/agb.php;
267,Contorion GmbH,www.contorion.de,https://www.contorion.de/agb;
268,Stanze Gartencenter GmbH,www.meingartencenter24.de,https://www.meingartencenter24.de/mgc24/agb/;
269,Apotheke im Paunsdorf Center Kirsten Fritsch e. K.,www.apo.com,https://www.apo.com/agb;
270,xTwo GmbH,www.xtwostore.de,https://www.xtwostore.de/agb.html;
271,Kirsten Pohl e.Kfr.,shopping.prokira.de,https://shopping.prokira.de/agb;
272,Parfuemerie Rook GmbH,www.parfuemerie-rook.de,http://www.parfuemerie-rook.de/agb;
273,Konzept Küchen,www.konzept-kuechen.de,https://www.konzept-kuechen.de/Shop/Index/index.php?sites=AGBs;
274,Foto Konijnenberg B.V.,static.fotokonijnenberg.nl,http://static.fotokonijnenberg.nl/files/Photospecialist-AllgemeineGeschaftsbedingungen.pdf;
275,Markus Bauer,www.direkt-guenstige-reifen.de,https://www.direkt-guenstige-reifen.de/agb.html;
276,Apotheke im Paunsdorf Center Kirsten Fritsch e. K.,www.apotheke.de,https://www.apotheke.de/agb;
277,Ageon GmbH,www.perfumetrader.de,https://www.perfumetrader.de/de/agb;
278,outdoortrends GmbH & Co. KG,www.outdoortrends.de,https://www.outdoortrends.de/agb/;
279,SHK Vertriebsgesellschaft mbH,www.shkshop.com,https://www.shkshop.com/unsere-agb:_:3.html;
280,Exomium GmbH,xtivate.de,https://xtivate.de/pls/start.pl?agb.pl;
281,Krähe-Versand GmbH & Co. KG,www.idealo.de,https://www.idealo.de/preisvergleich/Shop/275410.html;
282,Küchenbauer GmbH,www.meinkuechenstudio.de,https://www.meinkuechenstudio.de/navigationen/tbotnavi/3702494-AGB.html;jsessionid=abc2Oq4j2bkcQ-4Fc2kBt
283,Matratzen Union GmbH,www.matratzenunion.de,https://www.matratzenunion.de/bestellvorgang/agb/?plentyID=91l3tcdg90ufr1ujtkfjfn68f1;
284,Martin Klausmann,www.sport-klausmann.de,https://www.sport-klausmann.de/AGB;
285,Dipl. Ing. Rainer Fox und Michael Vanscheidt GbR,www.leuchtenfox.de,https://www.leuchtenfox.de/agb;
286,MUSIC STORE professional GmbH,www.musicstore.de,https://www.musicstore.de/de_DE/EUR/terms-and-conditions;
287,windeln.de SE,www.windeln.de,https://www.windeln.de/agb/;
288,Rudolf Wiegand und Partner GmbH,www.tonersupermarkt.de,https://www.tonersupermarkt.de/agb;
289,Schuh und Sport Schüller GmbH,www.zateno.de,http://www.zateno.de/AGB-oxid/;
290,Tondose,www.tondoseviersen.de,https://www.tondoseviersen.de/agb;
291,APONEO Apotheke Konstantin Primbas e.K.,www.aponeo.de,https://www.aponeo.de/informationen/rechtliches/agb/;
292,TALK-POINT GmbH,www.talk-point.de,https://www.talk-point.de/de/agb?rel=redirect;
293,Marc Quirin,www.kitchenland.de,https://www.kitchenland.de/AGB;
294,Drucker.de IT-Handelsgesellschaft mbH,www.24drucker.de,https://www.24drucker.de/agb;
295,Schmidt Handelsgesellschaft mbH & Co. KG,www.gutes-shop.de,https://www.gutes-shop.de/agb;
296,Schlafnett by Markenschlaf GmbH,www.schlafnett.de,https://www.schlafnett.de/ueber-uns/agb/;
297,CB Elektrohaus OHG,www.elektrotresen.de,https://www.elektrotresen.de/Unsere-AGB.html;
298,Sporthaus Höss GmbH,www.sportolino.de,https://www.sportolino.de/AGB.html;
299,Frank Borghoff,www.bettwaren-borghoff.de,https://www.bettwaren-borghoff.de/AGB/;
300,JAKO-O GmbH,www.jako-o.com,https://www.jako-o.com/de_DE/agb;
301,Jörg Schade | RadEmpire,www.radempire.de,https://www.radempire.de/epages/63235019.sf/de_DE/?ObjectPath=/Shops/63235019/Categories/TermsAndConditions
302,SQS UG (haftungsbeschränkt),www.rauchmeldershop-online.de,https://www.rauchmeldershop-online.de/:_:3.html
303,LaCo-Electronic e.K.,www.lacoshop24.de,https://www.lacoshop24.de/AGB
304,KORN e.K.,www.musikhaus-korn.de,https://www.musikhaus-korn.de/de/infocenter/agb
305,Musikhaus Kirstein GmbH,www.kirstein.de,https://www.kirstein.de/agb/
306,wir leben - Apotheken Inh. Dirk Düvel e.K.,www.besamex.de,https://www.besamex.de/information/allgemeine-geschaeftsbedingungen.html
307,Marien-Apotheke Klaus Flitsch,www.my-marien-apotheke.de,https://www.my-marien-apotheke.de/epages/aab90adf-7e8b-44e0-be03-5e3938e45cd4.sf/de_DE/?ObjectPath=/Shops/aab90adf-7e8b-44e0-be03-5e3938e45cd4/Categories/TermsAndConditions
308,Bax-shop.nl BV,www.bax-shop.de,https://www.bax-shop.de/allgemeine-geschaftsbedingungen
309,lax hausgeräte GmbH & Co. KG,www.lax-online.de,https://www.lax-online.de/kuechengeraete/www_lax_online_de_agb.html
310,Wöltje GmbH & Co. KG,www.woeltje.de,https://www.woeltje.de/AGB/
311,Distriphot GmbH,www.digitfoto.de,https://www.digitfoto.de/agb.html
312,Rico Jähn,www.handelspunkt-schlema.de,https://www.handelspunkt-schlema.de/info/allgemeine-geschaeftsbedingungen
313,Inhaber: David Mäder,www.qualifo.de,https://www.qualifo.de/conditions.php?xploidID=2fre8pfjrc1d57688ifd7p1v007944g5
314,Springlane GmbH,www.springlane.de,https://www.springlane.de/agb
315,Kaniewski Handels GmbH & Co. KG,www.marine-sales.de,https://www.marine-sales.de/index.php?id=20
316,MIOGA Warenhandel & Service GmbH,mioga.de,https://mioga.de/cms_terms.html?sid=5a232a0af0577a179da72ebe4b4319f2
317,nanobike GmbH,nanobike.de,https://nanobike.de/AGB
318,electronic4you GmbH,www.electronic4you.de,https://www.electronic4you.de/unternehmen/agb/
319,Christoph Hill,naehmaschinen-discounter.de,https://naehmaschinen-discounter.de/agb.php
320,flexolan e.K.,www.schaumstofflager.de,https://www.schaumstofflager.de/store-conditions.php
321,Schmidt Im- und Export GmbH & Co. KG,www.parfume.de,https://www.parfume.de/shop_content.php/coID/3/content/AGB
322,Spartoo SAS,www.spartoo.de,https://www.spartoo.de/cgv.php
323,Raimund Saerbeck,www.hifisound.de,https://www.hifisound.de/de/AGB-oxid/
324,ComStern.de GmbH,www.comstern.de,https://www.comstern.de/CustomerService.htm?cs=7
325,KLARSICHT IT GmbH,www.klarsicht-it.de,https://www.klarsicht-it.de/allgemeine-geschaeftsbedingungen
326,etc-shop.de GmbH & Co. KG,www.etc-shop.de,https://www.etc-shop.de/pages/agb/
327,Pro-Idee GmbH & Co. KG,www.proidee.de,https://www.proidee.de/service/agb?HI=abbinder&amp;amp;SID=SID_dCc5JVNAKr9yxB29Rw4CVcEyPbMF
328,Lokmuseum Michael Merz,www.lokmuseum.de,http://www.lokmuseum.de/agb.php?Wg1=&Wg2=&SID=14470942214e
329,Persiehl Klapp GmbH,www.eoffice24.com,https://www.eoffice24.com/store-conditions.php
330,TERRIFIC GmbH & Co. KG,www.terrific.de,https://www.terrific.de/Markensuche/Landingpages/AGB/
331,NaZuBeKa GmbH & Co. KG,www.bodystriker.de,http://www.bodystriker.de/AGB/
332,Erich Renner,www.renner-badshop.de,http://www.renner-badshop.de/epages/62662136.sf/de_DE/?ObjectPath=/Shops/62662136/Categories/TermsAndConditions
333,Haushalts-Robotic GmbH & Co. KG,www.haushalts-robotic.de,https://www.haushalts-robotic.de/service/agb/
334,Bremer Elektrohandel Herke GmbH,www.bremer-elektrohandel.de,https://www.bremer-elektrohandel.de/shop_content.php?coID=3
335,Lensonlineshop GbR,www.lensonlineshop.de,https://www.lensonlineshop.de/s01.php?cur=eur&amp;sp=de&amp;ag=1&amp;pp=agb
336,BS-Apotheken OHG,www.sanicare.de,https://www.sanicare.de/agb
337,Sport Okay GmbH,www.sportokay.com,https://www.sportokay.com/de_de/agb
338,subtel GmbH,www.subtel.de,https://www.subtel.de/AGB/
339,GALERIA Kaufhof GmbH,www.galeria-kaufhof.de,https://www.galeria-kaufhof.de/sales/unternehmen/service/agb.asp?FLEXID=0
340,Aubu AG,shop.aubu.de,http://shop.aubu.de/catalog/conditions.php
341,Pollin Electronic GmbH - Shop für Elektronik,www.pollin.de,https://www.pollin.de/agb
342,Passiontec GmbH,www.passiontec.de,https://www.passiontec.de/agb.html
343,TOPNET Trading GmbH,www.idealo.de,https://www.idealo.de/preisvergleich/Shop/286972.html
344,Voltus GmbH,www.voltus.de,https://www.voltus.de/agb/
345,Drucker.de IT-Handelsgesellschaft mbH,www.drucker.de,https://www.drucker.de/agb
346,eWerkConnect UG (haftungsbeschränkt),www.avenado.de,https://www.avenado.de/avenado/agb
347,Joachim Bässler e.K.,www.all-4-baby.de,https://www.all-4-baby.de/unternehmen/agb/
348,Easy-Tecs GmbH,www.easy-tecs.de,https://www.easy-tecs.de/agb
349,MEDIMAX Online GmbH,www.medimax.de,https://www.medimax.de/agb
350,Schödlbauer Textilkaufhaus e.K.,hemden-meister.de,https://hemden-meister.de/AGB
351,Beyersdörfer GmbH,www.livingactive.de,https://www.livingactive.de/agb-kundeninfo
352,GW-Werkzeuge,www.gw-werkzeuge.de,https://www.gw-werkzeuge.de/agb6.htm
353,Brille24 GmbH,www.optik24plus.de,https://www.optik24plus.de/agb/
354,HCinema GmbH,www.hcinema.de,https://www.hcinema.de/lampen/agb.php
355,Kowalschik E-Commerce GmbH & Co. KG,www.eshoppen.de,https://www.eshoppen.de/agb
356,Leitern & Gerüste Vertrieb e. K.,www.leiternprofi24.de,https://www.leiternprofi24.de/widerruf
357,THOFRA Handels GmbH & Co. KG,www.spar-toys.de,https://www.spar-toys.de/index.asp?cat=23&hinweis=1
358,S-KON eKontor 24 GmbH,www.gethandy.de,https://www.gethandy.de/agb
359,Mendler Vertriebs-GmbH,www.heute-wohnen.de,https://www.heute-wohnen.de/AGBs_i6_siddbfd811e0d6a1947b8a228af92922f71_x4.htm
360,Firma Horst Plag Haus- und Küchentechnik,www.plag-haustechnik.de,http://www.plag-haustechnik.de/plagshop/shop_content.php?coID=3
361,OBI E-Commerce GmbH,www.obi.de,https://www.obi.de/agb/
362,Masters Elektromarkt GmbH,www.masters.de,https://www.masters.de/agbs
363,Gotthold Hegenloh Inh. Manfred Hegenloh Schuhe-Sport-Reisen e. K.,www.sh24.de,http://www.sh24.de/agb
364,Shopping.de Handels GmbH,www.shopping.de,https://www.shopping.de/agb
365,VOSS GmbH & Co. KG,www.weidezaun.info,https://www.weidezaun.info/agb-und-kundeninformationen
366,Dietrich GmbH & Co. KG,www.dietrich-baustoffe.shop,https://www.dietrich-baustoffe.shop/?ActionCall=WebActionArticleSearch&Params%5BSearchParam%5D=agb
367,Lau GmbH & Co. AV Markt KG,www.xxl-deals.de,https://www.xxl-deals.de/agb/
368,Stephan Krusche,www.krusche-outdoor.de,https://www.krusche-outdoor.de/AGB/
369,Mediadeal GmbH,www.mediadeal.de,https://www.mediadeal.de/agb
370,Mix Computerversand GmbH,www.mix-computer.de,https://www.mix-computer.de/content.xhtml?c=1
371,Rock Shop GmbH,www.rockshop.de,https://www.rockshop.de/agb
372,LEITERMANN GmbH & Co Fachmarkt KG,www.handwerker-versand.de,https://www.handwerker-versand.de/content/AGB.html
373,FORMBLITZ AG,www.formblitz.de,https://www.formblitz.de/gtc.html
374,Heinrich Janssen,www.naturmatratzen-janssen.de,https://www.naturmatratzen-janssen.de/c/agb?menuitem_id=13
375,Edeloptics GmbH,www.edel-optics.de,https://www.edel-optics.de/AGB.html
376,TSC-Systems GmbH,www.edv-direkt24.de,http://www.edv-direkt24.de
377,Conserv-Media GmbH,www.yakodo.de,https://www.yakodo.de/AGB
378,Schuh- Sport- Adolf Marzini,www.classicsportshoes.de,http://www.classicsportshoes.de/unternehmen/AGB_custom_66.html
379,ONE telecom GmbH,www.one-telecom.de,http://www.one-telecom.de/agb.html
380,Autoshop Irl GmbH,www.carfeature.de,http://www.carfeature.de/Unsere-AGB
381,Bodfeld-Apotheke e.K.,www.abc-arznei.de,https://www.abc-arznei.de/agb_1.html
382,Bartelsmeier Lederwaren GmbH & Co. KG,www.alletaschen.de,https://www.alletaschen.de/unsere-agb.html
383,AMS e-commerce GmbH,www.ams-elektro.com,https://www.ams-elektro.com/Unsere-AGB:_:3.html
384,Funk Optik - Foto GmbH,www.knufis-optik-shop.de,https://www.knufis-optik-shop.de/home/gtc.xhtml
385,Alensa s.r.o.,www.ihre-kontaktlinsen.de,http://www.ihre-kontaktlinsen.de/informationen/allgemeine-geschaftsbedingungen.html
386,wiha wir-habens.de Onlinehandel UG (haftungsbeschränkt),www.wir-habens.de,https://www.wir-habens.de/epages/63331298.sf/de_DE/?ObjectPath=/Shops/63331298/Categories/TermsAndConditions
387,HK Handelskontor Hessen GmbH & Co. KG,www.holzprofi24.de,https://www.holzprofi24.de/agb
388,Schwab Versand GmbH,www.schwab.de,https://www.schwab.de/#lmPromo=la,2,hk,Footer,fl,Footer_Datenschutz
389,alpafoto GmbH,www.alpafoto.de,https://www.alpafoto.de/agb.html
390,RedZilla GmbH,www.fitnesskaufhaus.de,https://www.fitnesskaufhaus.de/AGB
391,Fachhandel für Elektrowerkzeuge,www.toolstime.de,https://www.toolstime.de/AGB
392,Thalia Bücher GmbH,www.thalia.de,https://www.thalia.de/shop/hilfe-agb/show/
393,4 allsports GmbH,www.cycle-basar.de,https://www.cycle-basar.de/Komponenten/Allgemeine-Geschaeftsbedingungen-AGB-und-Verbraucherhinweise/
394,Elektrowelt Zwickau GmbH,www.elektrowelt-zwickau.de,https://www.elektrowelt-zwickau.de/agb.html
395,A.T.U Auto-Teile-Unger GmbH & Co. KG,www.atu.de,https://www.atu.de/pages/common/agb.html
396,EURONICS Deutschland eG,www.euronics.de,https://www.euronics.de/hilfe-infos/rechtliches/agb/
397,Neuesbad Handels GmbH,www.neuesbad.de,https://www.neuesbad.de/agb
398,Franz Michael Peikert e.K.,www.disapo.net,http://www.disapo.net/agb.html
399,HDK AG,www.telefon.de,https://www.telefon.de/agbs.asp
400,BIKE & OUTDOOR COMPANY GmbH & Co. KG,www.boc24.de,https://www.boc24.de/agb/
401,ad 3000 möbelconcept e. K.,www.matratze.name,https://www.matratze.name/agb.html
402,SNOGARD Computer GmbH,www.snogard.de,https://www.snogard.de/cms/data/snogard_agb.html
403,cortexpower.de GmbH,www.cortexpower.de,https://www.cortexpower.de/AGB/
404,Isar Trade GmbH,allereifen365.de,https://allereifen365.de/?cid=20#Widerruf
405,NORMA24 Online-Shop GmbH & Co. KG,www.norma24.de,https://www.norma24.de/agb
406,BBQ Entertainer Shop - Inhaberin: Sabrina Gebbe,www.bbq-entertainer-shop.de,http://www.bbq-entertainer-shop.de/epages/es10612395.sf/de_DE/?ObjectPath=/Shops/es10612395/Categories/TermsAndConditions
407,Apotheke im Paunsdorf Center Kirsten Fritsch e. K.,www.juvalis.de,https://www.juvalis.de/agb
408,Heka GmbH & Co. KG,www.moebelmaster.de,https://www.moebelmaster.de/AGB
409,Heima GmbH & Co. Hausinstallationen KG,www.heima24.de,https://www.heima24.de/cgi-bin/shop/front/shop_main.cgi?func=htmlserv&tmpl=shop_text_win.html&content=std_agb
410,Rakuten Deutschland GmbH,www.rakuten.de,https://www.rakuten.de/info/nutzungsbedingungen?sid=a4b9d865e767893b3458e498357450fc
411,Hifi-Fabrik e.K.,www.hifi-fabrik.de,https://www.hifi-fabrik.de/agb
412,reBuy reCommerce GmbH,www.rebuy.de,https://www.rebuy.de/s/agb
413,SAMbase GmbH,www.notebooksektor.de,http://www.notebooksektor.de
414,Sächsische Handelsagentur Holger Gutseel e.K.,profiwerkzeug24.de,https://profiwerkzeug24.de/agb/
415,SM - Handels GmbH,www.sathelden.de,https://www.sathelden.de/shop_content.php?coID=3
416,SSD-Sanitärservice Droll - Inh. Kay-Uwe Droll,ssd-armaturenshop.de,https://ssd-armaturenshop.de/index.php
417,Delticom AG,www.123reifen.de,https://www.123reifen.de/AGBs.html
418,DVBSHOP Network and Television GmbH,www.idealo.de,https://www.idealo.de/preisvergleich/Shop/26050.html
419,Foto Hamer GmbH & Co. KG,www.foto-hamer.de,https://www.foto-hamer.de/agb
420,Erich Schreck e.U.,www.electronicpartner.at,https://www.electronicpartner.at/schreck/
421,OS Trading Company UG,www.os-tc.de,https://www.os-tc.de/ostrading/agb/
422,Spiele Max GmbH,www.spielemax.de,https://www.spielemax.de/agb.html
423,MediMax Helmut Briese e.K.,www.pnshop.de,https://www.pnshop.de/cgi-bin/pnshop/de_DE/generalTermsConditions.html?categoryId=10
424,Jehlen & Co. GmbH,www.werkzeugbilliger.com,https://www.werkzeugbilliger.com/index.php/privacy-policy-cookie-restriction-mode
425,tink GmbH,www.tink.de,https://www.tink.de/agb
426,MSOfficehandel UG (haftungsbeschränkt),www.blitzhandel24.de,https://www.blitzhandel24.de/agb
427,IBS BüroTIPP! GmbH & Co. KG,www.schulranzenwelt.de,https://www.schulranzenwelt.de/agb
428,STM GmbH Schreiner Team Moers,www.diwaro.de,https://www.diwaro.de/info/allgemeine-geschaeftsbedingungen.html
429,HKF Elektrofachmarkt GmbH,www.heisskaltfun.de,https://www.heisskaltfun.de/allgemeine-geschaeftsbedingungen-agb
430,cmp net GmbH & Co. KG,www.headsetsbilliger.de,https://www.headsetsbilliger.de/site_agb.php
431,Helmut Eckerl,www.ematco.de,https://www.ematco.de/index.php?Code=SHOCMP:7
432,Kowalschik E-Commerce GmbH & Co. KG,www.jura-kowalschik.de,https://www.jura-kowalschik.de/agb
433,Babyland-Online GmbH,www.babyland-online.com,https://www.babyland-online.com/agb/kundeninformationen
434,Digital Republic Media Group GmbH,www.mysoftware.de,https://www.mysoftware.de/i/agb/
435,Sam Stil-Art-Möbel GmbH,www.stilartmoebel.de,https://www.stilartmoebel.de/info/allgemeine-geschaeftsbedingungen.html
436,TREKKING STAR e.K.,trekkingstar.de,https://trekkingstar.de/agb
437,HIFI & FOTO KOCH GmbH,www.dsv24.de,https://www.dsv24.de/agb.html
438,Elektro Enzinger GmbH,www.enzinger.com,https://www.enzinger.com/objects/agb/
439,TOOLPORT GmbH,www.profizelt24.de,https://www.profizelt24.de/AGB/
440,Wildnissport GmbH,www.wildnissport.de,https://www.wildnissport.de/agb
441,Bünting E-Commerce GmbH & Co. KG,www.mytime.de,https://www.mytime.de/agb
442,mobilcom-debitel GmbH,www.mobilcom-debitel.de,https://www.mobilcom-debitel.de/downloads/service/vertrag/agbs/verkaufs-und-lieferbedingungen_mobilcom-debitel_gmbh.pdf
443,Josef Kessel GmbH & Co KG,www.j-kesselshop.de,https://www.j-kesselshop.de/agb
444,Sockenpara.de - Frank Brinkmann,www.sockenpara.de,https://www.sockenpara.de/AGB/
445,Leder Freytag KG,www.bagsonline.de,https://www.bagsonline.de/agb
446,Lifestyle Delights GmbH,www.lifestyledelights.de,https://www.lifestyledelights.de/agb
447,Roberto Iezzi,www.notebook.de,https://www.notebook.de/index.php?section=termsandconditions2
448,sani-fuchs.de GmbH,www.sani-fuchs.de,https://www.sani-fuchs.de/agb
449,Calumet Photographic GmbH,www.calumetphoto.de,https://www.calumetphoto.de/INTERSHOP/web/WFS/Calumet-DE-Site/de_DE/-/EUR/ViewContent-Start?PageletEntryPointID=systempage.terms.pagelet2-systempage.terms
450,Pestalozzi-Apotheke Burkhard Sieper e.K.,www.bio-apo.de,https://www.bio-apo.de/content/allgemeine-geschaeftsbedingungen-agb.358.html
451,Pestalozzi-Apotheke Burkhard Sieper e.K.,www.bio-apo.de,https://www.bio-apo.de/content/allgemeine-geschaeftsbedingungen-agb.358.html
452,Cristalis International GmbH,www.atlentis.de,https://www.atlentis.de/cgi-bin/loadhtml.cgi?seite=agb&skrzel=009&kundenid=1323946728-892471691
453,Beyersdörfer GmbH,www.kois.de,https://www.kois.de/de/Unsere-AGB1
454,Kaniewski Handels GmbH & Co. KG,www.faltradxxs.de,https://www.faltradxxs.de/index.php?id=20
455,Matthias Richter,www.rc-service.de,https://www.rc-service.de/allgemeine-geschaeftsbedingungen-kundeninformationen.html
456,Camping-Kaufhaus.com GmbH,www.camping-kaufhaus.com,https://www.camping-kaufhaus.com/bestellvorgang/agb/
457,Steiner Shopping GmbH,www.steinershopping.de,https://www.steinershopping.de/agb
458,Elektrotechnik Rößing Online GmbH,www.elektroundso.de,https://www.elektroundso.de/eshop.php?seourl=ger_cnt/agb/1/
459,Frankonia Handels GmbH & Co.KG,www.frankonia.de,https://www.frankonia.de/service/rechtliches-und-sicherheit/agb.html
460,Websachse GmbH,www.ssum.de,https://www.ssum.de/AGB
461,LionTec GmbH,www.liontecshop.de,https://www.liontecshop.de/shop/conditions
462,Elektro-Service Bräuer GmbH,www.elektroprofi24.com,https://www.elektroprofi24.com/AGB
463,Lauf-bar GmbH,www.lauf-bar.de,https://www.lauf-bar.de/AGB/
464,Quebag AG,shop.quebag.de,https://shop.quebag.de/Unsere-AGBs:_:3.html
465,Rotopino PL S.A.,www.rotopino.de,https://www.rotopino.de/agb/
466,Filippo Abate,photo-porst-memmingen.rf-webworld.de,https://photo-porst-memmingen.rf-webworld.de/info/agb
467,Taruttis Handelsges.mbH,www.ranzen-berlin.de,http://www.ranzen-berlin.de/AGB_i15_sid1e030d825afb85382302a17c56e42f1e_x4.htm
468,Millionstore GmbH,millionstore.com,https://millionstore.com/cgi-bin/index.pl?static=agb
469,Gehrmann Sport+Mode -Michael Selk,www.sporthaus-gehrmann.de,https://www.sporthaus-gehrmann.de/page.html?page=agb
470,Past OHG,www.past-geraete.de,https://www.past-geraete.de/AGB
471,CLEVERLOG-AUTOTEILE GmbH,www.motointegrator.de,https://www.motointegrator.de/s/agb/
472,Bike & Outdoor Company GmbH & Co. KG,www.bicycles.de,https://www.bicycles.de/service/agb/
473,Pneus Online Suisse SARL,www.reifen-pneus-online.de,https://www.reifen-pneus-online.de/pneus-online-agb.html
474,Inhaber Eike Mahrholz,shop.strato.de,http://shop.strato.de/epages/15512816.sf/de_DE/?ObjectPath=/Shops/15512816/Pages/TermsAndConditions
475,Ralph Rudolf Bosch,rabo-networks-kreuzau.com,https://rabo-networks-kreuzau.com/index.php?page=content&coID=7
476,EWANTO GmbH,www.idealo.de,https://www.idealo.de/preisvergleich/Relocate/289857.html?sid=289857&type=agb
477,Rainer Otto Wasser,www.rawas.de,https://www.rawas.de/content/agb
478,RB-Elektroshop GmbH Zwickau,www.rb-elektroshop.de,https://www.rb-elektroshop.de/agb.html
479,my-Spexx Limited,www.my-spexx.de,http://www.my-spexx.de/unternehmen/agb/
480,PORTWORK GmbH,www.portwork.de,http://www.portwork.de/allgemeine-geschaeftsbedingungen
481,PHOTO PORST Markus Seeberger,porst-emsdetten.rf-webworld.de,https://porst-emsdetten.rf-webworld.de/shopInfo/ShippingInfo.aspx
482,Spanrad GmbH & Co KG,www.einrichtungsland.de,https://www.einrichtungsland.de/agb
483,Elektro Book GmbH,www.elektro-book.de,https://www.elektro-book.de/content/agb/
484,IKS Elektro Göttert Meckenheim GmbH,www.iks-elektro.de,http://www.iks-elektro.de/allgemeine-geschaeftsbedingungen-kundeninformationen.html?PHPSESSID_iks_esales=g12oo5htenllitumrk25lkqp36
485,Juwel Uhren & Schmuck- Vertriebs-GmbH,www.uhrendealer.com,https://www.uhrendealer.com/agb
486,Bremer Elektrohandel Herke GmbH,www.funandhome.de,https://www.funandhome.de/agb-und-kundeninformationen
487,Hobil GmbH,www.shop-juwelier.de,https://www.shop-juwelier.de/allgemeine-geschaeftsbedingungen/
488,BIELMEIER Hausgeräte GmbH,www.bielmeier-hausgeraete.com,http://www.bielmeier-hausgeraete.com/agb
489,Connox GmbH,www.connox.de,https://www.connox.de/agb.html
490,Jutta Simon,www.bbq-grill-world.de,http://www.bbq-grill-world.de/agb
491,Sabrina Gebbe - Grillarena,www.amgrill.de,https://www.amgrill.de/epages/62455639.sf/de_DE/?ObjectPath=/Shops/62455639/Categories/TermsAndConditions
492,tiierisch.de GmbH,www.tiierisch.de,https://www.tiierisch.de/help/agb
493,Dom Optik GmbH & Co. KG,www.eyelu.de,https://www.eyelu.de/agb
494,rahm Zentrum für Gesundheit GmbH,www.rahm24.de,https://www.rahm24.de/agb
495,Foto Plichta - Thomas Plichta,foto-plichta.rf-webworld.de,https://foto-plichta.rf-webworld.de/info/agb
496,sleepz Home GmbH,www.perfekt-schlafen.de,https://www.perfekt-schlafen.de/agb
497,Evendo Consulting GmbH,www.emero.de,https://www.emero.de/info/agb.html
498,DaKine Shop GmbH,www.dakine-shop.de,https://www.dakine-shop.de/AGB
499,CSL-Computer GmbH & Co. KG,www.csl-computer.com,https://www.csl-computer.com/shop/shop_content.php?coID=3
500,poolmegastore.de - Michael Koch,www.poolmegastore.de,https://www.poolmegastore.de/agb.html
501,expert HOFFMANN GmbH,www.exho.de,https://www.exho.de/callisto/agb/
502,4fitness e.k.,www.4fitness-shop.de,https://www.4fitness-shop.de/agb
503,Wekonn e-shop - Carola Kühn-Konnertz,www.wekonn.de,https://www.wekonn.de/agb/
504,Holz-Köhrmann GmbH,www.my-homeshop24.de,https://www.my-homeshop24.de/index.php?page=AGB&SessID=cbf42ddbe231dd7778d9f356e7090bcf
505,Kaniewski Handels GmbH & Co. KG,www.zeldi.de,https://www.zeldi.de/index.php?id=6
506,Exomium GmbH,anynas.de,https://anynas.de/de/pages/terms-and-conditions
507,CosmeticExpress GmbH,www.cosmeticexpress.com,https://www.cosmeticexpress.com/info/allgemeine-geschaeftsbedingungen-agbs
508,allMedia GmbH & Co. KG,allmedia-shop.rf-webworld.de,https://allmedia-shop.rf-webworld.de/info/agb
509,Vitafy GmbH,www.vitafy.de,https://www.vitafy.de/agb
510,Julia Jorcke,www.petplus24.de,https://www.petplus24.de/info/allgemeine-geschaeftsbedingungen.html
511,Apotheke am alten Bahnhof,www.delmed.de,https://www.delmed.de/allgemeine-geschaeftsbedingungen
512,Gottfried Stiller GmbH,www.megabad.com,https://www.megabad.com/p/agb-verbraucher
513,Media-Concept Bürobedarf GmbH,www.tonermonster.de,https://www.tonermonster.de/%C3%9Cber%20uns/
514,engelhorn sports GmbH,www.engelhorn.de,https://www.engelhorn.de/agb.html
515,Müller Professional Store e.K.,www.professional-store.com,https://www.professional-store.com/agb
516,Euronics XXL RESCH OHG,www.xxl-resch.de,http://www.xxl-resch.de/custom/index/sCustom/68
517,buecher.de GmbH & Co. KG,www.buecher.de,https://www.buecher.de/go/service_topics/answers/id/0901/
518,HANS RAUM GmbH,www.mega-kunde.de,https://www.mega-kunde.de/agb
519,Pieper GmbH & Co. KG Großhandel,www.zeltdepot.de,https://www.zeltdepot.de/?id=79
520,HORNBACH Baumarkt AG,www.hornbach.de,https://www.hornbach.de/cms/de/de/agb.html
521,Toys"R"Us GmbH,www.toysrus.de,http://www.toysrus.de/helpdesk/panel/index.jsp?display=safety&subdisplay=terms
522,PIEPER GmbH & Co. KG - Grosshandel,www.bootdepot.de,https://www.bootdepot.de/index.php?id=9
523,CarHifi-Store Bünde - Inh. Frank Nitsche,www.carhifi-store-buende.de,https://www.carhifi-store-buende.de/
524,HAI-END GmbH,www.hai-end.com,https://www.hai-end.com/info/widerrufsrecht.html
525,Küchenatelier Daniel Psotta,www.schwabenkuechen.de,http://www.schwabenkuechen.de/agb
526,Weichhold GmbH,www.weichhold-store24.de,https://www.weichhold-store24.de/51274_AGB.html;jsessionid=aaahhDoWXqfG6frqHV2iv
527,Musik-Villa Inh. Andreas Reitberger,www.musik-villa.de,https://www.musik-villa.de/shop/agb.php
528,Bernd Lindau e. K.,babyprofi.de,https://babyprofi.de/AGB
529,Inkodirekt e. K.,www.inkodirekt.de,https://www.inkodirekt.de/
530,Colibri SAS,www.manomano.de,https://www.manomano.de/cgu
531,Delticom AG,www.motoroel-direkt.de,https://www.motoroel-direkt.de/agb.html
532,HEIMKINORAUM e.K.,www.heimkinoraum.de,https://www.heimkinoraum.de/agb
533,Elektro & more e.K.,shop.elektroandmore.de,https://shop.elektroandmore.de/info/allgemeine-geschaeftsbedingungen.html
534,Bau- und Heimwerkermarkt Müllenhoff GmbH,mein-heimwerkermarkt.de,https://mein-heimwerkermarkt.de/agb
535,Soldberg GmbH & Co. KG,www.soldberg.de,https://www.soldberg.de/agb
536,asgoodasnew electronics GmbH,asgoodasnew.com,https://asgoodasnew.com/pages/agb
537,K&K Bike GmbH,biketech24.de,https://biketech24.de/AGB
538,TW Vertriebs GmbH & Co. KG,www.webersport.de,http://www.webersport.de/conditions.php
539,ApoVia - Dr.rer.med. Dr. Braun e.K.,www.apovia.de,https://www.apovia.de/agb
540,sleepz GmbH,www.idealo.de,https://www.idealo.de/preisvergleich/Shop/27378.html
541,Antje & Ilja Hauser GbR,www.hauser-clean.com,https://www.hauser-clean.com/agb.html
542,elektro-plus GmbH,www.garten-plus.de,http://www.garten-plus.de/agb
543,Daniel Otero,kaufrausch24.eu,https://kaufrausch24.eu/agb
544,Jochen Weeber - Mein-Einkaufsladen e.K.,www.xxl-technik.de,https://www.xxl-technik.de/AGB.html
545,Tooltown GmbH,www.tooltown.de,https://www.tooltown.de/agb
546,FG-Bausatzhaus-Cottbus GmbH,www.fg-lichtidee.de,https://www.fg-lichtidee.de/de/index.html
547,WilTec Wildanger Technik GmbH,www.wiltec.de,https://www.wiltec.de/
548,Hifigarage - Inh. Roy Radtke,www.hifigarage.de,https://www.hifigarage.de/agb-kundeninfo.html
549,AQUA-SAAR GmbH,www.stilwelt24.de,https://www.stilwelt24.de/agb
550,W.A.M. - Wide-Audio-Multimedia,www.12wam.de,http://www.12wam.de/conditions.php
551,alpha - Manfred Wenzel GmbH & Co. KG,wirhabensnoch.de,https://wirhabensnoch.de/agb
552,Valentin Beck,www.maxis-babywelt.de,https://www.maxis-babywelt.de/de/cms/3/unsere-agbs.html
553,Weltbild GmbH & Co. KG,www.weltbild.de,https://www.weltbild.de/service/agb-lieferbedingungen
554,Petra Dieris-Wierichs,www.badmintonhandel.de,https://www.badmintonhandel.de/Infos/Allgemeine+Geschaeftsbedingungen.htm
555,KELLER SPORTS GmbH,www.keller-sports.de,https://www.keller-sports.de/content/agbs/
556,DynaTech - Inhaber Mirco Neubert e.K.,www.dynatech.de,https://www.dynatech.de/service/agb/
557,KaffeKapslen.dk ApS,www.kaffekapslen.de,https://www.kaffekapslen.de/allgemeinegeschaftsbedingungen
558,Manfred Jilg e.K.,shop.technikgalerie.de,https://shop.technikgalerie.de/agb/
559,1a Bike & Parts GmbH,www.idealo.de,https://www.idealo.de/preisvergleich/Shop/309177.html
560,bw-discount GmbH,www.bw-discount.de,https://www.bw-discount.de/agb
561,Die Einbauküche Neumann GbR  vertreten durch die Gesellschafter: Klaus-Dieter Neumann ,www.elektrogeraete-neumann24.de,https://www.elektrogeraete-neumann24.de/agb
562,Muziker a.s.,www.muziker.de,https://www.muziker.de/agbs
563,Ed Store GmbH & Co. KG,www.ed-sports.de,https://www.ed-sports.de/agb
564,RABE Fahrradhandel GmbH,www.rabe-bike.de,https://www.rabe-bike.de/agb/
565,Koch-Mannes Maschinen-Handels-GmbH,www.koch-mannes.de,https://www.koch-mannes.de/de/Unsere-AGB
566,ASC Computersysteme | Axel Schmidt,www.asc-shop.de,https://www.asc-shop.de/shop/action/show/ebene/aaababaa?pd_ref=idealo.de
567,SPORTSWORLD Lingen GmbH,snow-how.de,https://snow-how.de/agb
568,Digero GmbH & Co. KG,mcgin.de,https://mcgin.de/agb
569,absolutely Special-Trade GmbH,www.special-trade.de,https://www.special-trade.de/shop/agb.php
570,First Mall Sicherheitstechnik - Dieter Göbel,firstmall.de,https://firstmall.de/agb
571,CHT Cottbuser Haustechnik GmbH,www.cht-cottbus.de,https://www.cht-cottbus.de/agb.htm
572,Thomas Hein,www.uhrenlogik.de,https://www.uhrenlogik.de/agbs/
573,Kowalschik E-Commerce GmbH & Co. KG,www.immer-besser.de,https://www.immer-besser.de/agb
574,KHD Handels-GmbH,www.khd-handel.de,https://www.khd-handel.de/info/allgemeine-geschaeftsbedingungen.html
575,accipo GmbH,www.accipo.de,https://www.accipo.de/Information/AGB
576,KOBOZ SERVICE s. r. o.,www.dentmania.de,https://www.dentmania.de/agb
577,Zoro Tools Europe GmbH,www.zoro.de,https://www.zoro.de/agb
578,United Games GmbH,www.gamesrocket.de,https://www.gamesrocket.de/AGB.html
579,Thorsten Waldorf,www.zwergenbummler.de,https://www.zwergenbummler.de/AGB/
580,Inhaber Daniel Grimm,www.bobselektro.de,https://www.bobselektro.de/service/agb.html
581,KS Licht- und Elektrotechnik GmbH,www.ks-licht.de,https://www.ks-licht.de/Unsere-AGBs-_-3.html
582,Motorradfieber/Outdoorfieber - Inhaberin: Petra Friedrich,www.outdoorfieber-shop.de,https://www.outdoorfieber-shop.de/AGB.html
583,Sebastian Kraus,netgames.de,https://netgames.de/info/allgemeine-geschaeftsbedingungen.html
584,Wilhelm Mendel Einzelfirma,software-shop.com.de,http://software-shop.com.de/agb
585,EHS Elektro-Hausgeräte-Service GmbH,www.ehs-shop24.de,https://www.ehs-shop24.de/nav/970278_AGB.html;jsessionid=aWmwrtAqyRJ6
586,Apotheke im Paunsdorf Center Kirsten Fritsch e. K.,www.deutscheinternetapotheke.de,https://www.deutscheinternetapotheke.de/agb
587,Daniel Edelmann,www.foto-edelmann.de,https://www.foto-edelmann.de/shop/de/info/allgemeine-geschaeftsbedingungen.html
588,Marien-Apotheke Klaus Flitsch,cocopha.de,https://cocopha.de/content/allgemeine-geschaeftsbedingungen.56.html
589,D&W The Motion Corporation GmbH & Co KG,www.duw-tuner.de,https://www.duw-tuner.de/info/allgemeine-geschaeftsbedingungen.html
590,insho projects GmbH,www.feuerfritze.de,http://www.feuerfritze.de/agb
591,Hans-Ulrich Schmidt,www.kuechen-schmidt24.de,http://www.kuechen-schmidt24.de/de/Unsere-AGB
592,MGS Münchner Getränke Service GmbH,www.ginladen.de,https://www.ginladen.de/agb.html
593,TYREDATING SAS - POPGOM,www.reifen-popgom.de,https://www.reifen-popgom.de/reifen-POPGOM/agb
594,roboexpert GmbH & Co. KG,www.roboexpert.de,https://www.roboexpert.de/agb/
595,Shop4All GmbH,www.abc-dental-care.de,https://www.abc-dental-care.de/agb/
596,Egesat GmbH,www.egesat.de,https://www.egesat.de/AGB
597,wohnfitz GmbH,www.wohnfitz-shop.de,http://www.wohnfitz-shop.de/agb
598,voda.com online GmbH & Co. KG,chuck.nwt.de,http://chuck.nwt.de/404.php
599,Marcus Vogt,www.futterbauer.de,https://www.futterbauer.de/conditions.php
600,ONLINESTORE S.p.A. - AG,www.myalpistore.com,https://www.myalpistore.com/custom/index/sCustom/139
601,Nowodworski-Bade-Apotheken-OHG,www.biber-express.de,https://www.biber-express.de/renderFContent%3bjsessionid=02076881CE6352DF1413B9B716C08309-memc0.pla1apa1?attachmentId=821
602,Head GmbH,www.buero-bedarf-thueringen.de,https://www.buero-bedarf-thueringen.de/info/allgemeine-geschaeftsbedingungen
603,Cyclotron ITK GmbH,www.cyclotron.de,https://www.cyclotron.de/agb-und-kundeninfo
604,ARSAT GmbH,www.gerards-champagner.de,https://www.gerards-champagner.de/Unsere-AGB:_:3.html
605,KARSTADT Warenhaus GmbH,www.karstadt.de,https://www.karstadt.de/search?cgid=649833&kid=649833
606,Fonq.nl B.V.,www.fonq.de,https://www.fonq.de/agb
607,Dieter Kahl e.K.,motorgarten.de,https://motorgarten.de/agb
608,Schuhhaus Eugen Kocher KG,www.schuhhaus-kocher.de,https://www.schuhhaus-kocher.de/AGB/
609,Ahrendt GmbH,mega-komfort.net,https://mega-komfort.net/info/allgemeine-geschaeftsbedingungen.html
610,JD International Trading GmbH,www.satinbettwaesche24.de,https://www.satinbettwaesche24.de/agb/
611,myToys.de GmbH,www.mirapodo.de,https://www.mirapodo.de/c/agb.html
612,Reisenhofer Getränke GmbH,www.expert24.com,https://www.expert24.com/agb_12.htm
613,Baumarkt Bender GmbH,www.elektrowerkzeuge-bender.de,https://www.elektrowerkzeuge-bender.de/agb
614,Leuchtmittelmarkt Räbel e.K.,www.leuchtmittelmarkt.com,https://www.leuchtmittelmarkt.com/themes/topnavi/index.php?id=1
615,Winnings GmbH,www.winnings.de,https://www.winnings.de/agb
616,esando B.V.,www.esando.de,https://www.esando.de/support/help/article/view/38/8/agb-allgemeine-geschaeftsbedingungen
617,Marcin Marcinkiewicz,aduft.de,https://aduft.de/de_DE/i/AGB/35
618,Etrona GmbH,www.etrona.de,http://www.etrona.de/agb
619,Jutta Simon,www.simon-profi-technik.de,http://www.simon-profi-technik.de/agb
620,Kolumbus GmbH,www.kolumbus24.com,http://www.kolumbus24.com/default.aspx?TY=5&ST=2&MV=terms
621,Apotheker H.-P. Fichter e.K.,shop.apotal.de,https://shop.apotal.de/renderFContent?attachmentId=10333
622,OCTO IT AG,www.octo24.com,https://www.octo24.com/shop/de/Unsere-AGB:_:3.html
623,baby-walz GmbH,www.baby-walz.de,https://www.baby-walz.de/agb/
624,EUROiSTYLE GmbH,www.drucker-fachhandel.de,https://www.drucker-fachhandel.de/agb
625,Emil Volz Werkzeughandelsgesellschaft mbH,werkzeugblitz.de,https://werkzeugblitz.de/agb
626,ILGGRO Industrievertretung,betterkitchen.de,https://betterkitchen.de/agb
627,Apotheke am Rothenbaum Birgit Dumke e.K.,www.apo-rot.de,https://www.apo-rot.de/index_sub.html?site=../info/agb.html
628,Alhorn-Apotheken Dr. Ralf Alhorn e.K.,www.ceciapo.de,https://www.ceciapo.de/info/agb/
629,Carl Otto Spiel und Freizeit GmbH,www.colludo.de,https://www.colludo.de/AGB-mit-Kundeninformationen/
630,Dietmar Wecke,www.store.ctn-systeme.de,http://www.store.ctn-systeme.de/agb.htm
631,Kira Handelsgesellschaft mbH,preisflix.de,https://preisflix.de/de/agb.html
632,BG Sicherheitstechnik GmbH,bg-sicherheitstechnik.de,https://bg-sicherheitstechnik.de/agb
633,reichelt elektronik GmbH & Co. KG,www.reichelt.de,https://www.reichelt.de/Infocenter/AGB/12/41/index.html?&ACTION=12&LA=12&PAGE=41
634,D-Edition e.K.,www.d-edition.de,https://www.d-edition.de/info/allgemeine-geschaeftsbedingungen.html
635,Lampen 1 a GmbH,www.lampen1a.de,https://www.lampen1a.de/AGB
636,Foto Oehlmann GmbH & Co.KG,www.fotooehlmann.com,https://www.fotooehlmann.com/39402120/agb
637,Xaver Scheule GmbH,www.lexa-pferdefutter.de,https://www.lexa-pferdefutter.de/beratung-service/agb
638,TopHunt GmbH,www.huntersgooddeal.com,https://www.huntersgooddeal.com/agb
639,Bettzeit GmbH,www.dormando.de,https://www.dormando.de/agb/
640,tapir Leipzig GmbH,www.tapir-store.de,https://www.tapir-store.de/infocenter/bestellinfos/agb/?media=popupv
641,SPORT-TREFF Amthor GmbH,www.sportpoint-24.de,https://www.sportpoint-24.de/agb
642,Edward Stachnik,shop.the-upgrader.de,http://shop.the-upgrader.de/shop2/index.php?user=upgrader&agbview=1
643,CNW IT-Systeme GmbH,www.c-nw.de,https://www.c-nw.de/agb
644,Wittkötter hair & beauty center GmbH & Co. KG,www.hair-beauty-center.de,https://www.hair-beauty-center.de/public/dyn_layer.aspx?tpl=_AGB_&suid=950&zid=53f43ff2-6b0f-424f-9196-c8c92de60e0b
645,MACH-DEIN-BAD GmbH,www.mach-dein-bad.de,https://www.mach-dein-bad.de/agb
646,4U2PLAY GmbH,www.4u2play.de,https://www.4u2play.de/agb
647,Drucker.de IT-Handelsgesellschaft mbH,www.tinteguenstiger.de,https://www.tinteguenstiger.de/agb
648,Triway Internet Service GmbH,www.erlebnisladen.de,https://www.erlebnisladen.de/ueber-uns/agb/
649,JB Trade UG (haftungsbeschränkt),jwhisky.de,https://jwhisky.de/impressum-agb
650,Josef Holzleitner ELEKTROGERÄTE GmbH & Co. KG,www.holzleitner.de,https://www.holzleitner.de/agb
651,Fidelity Acker & Buck oHG,fidelity-hh.de,https://fidelity-hh.de/agb
652,Florian Hermsen,www.kontor-hermsen.de,https://www.kontor-hermsen.de/callisto-light-3-5/agb/
653,Intermedical24 GmbH,intermedical24.de,https://intermedical24.de/agb
654,Walser GmbH,www.walser-shop.com,https://www.walser-shop.com/walser-shop-allgemeine-geschaeftsbedingungen-ct-38.html
655,BDSK Handels GmbH & Co. KG,www.xxxlutz.de,https://www.xxxlutz.de/ocms/agb
656,megacube - Inh. Nadja Kras,megacube-shop.de,https://megacube-shop.de/epages/0d53848c-8ce8-473c-a0ef-8be8240e76b8.sf/de_DE/?ObjectPath=/Shops/0d53848c-8ce8-473c-a0ef-8be8240e76b8/Categories/TermsAndConditions
657,solar-pur AG Online-Shop,shop.solar-pur.de,https://shop.solar-pur.de/info/allgemeine-geschaeftsbedingungen.html
658,cmp net GmbH & Co. KG,www.cmp-net.com,https://www.cmp-net.com/site_agb.php
659,Moderne Technik GmbH & Co KG,www.zeitzone.de,https://www.zeitzone.de/agb
660,ad 3000 möbelconcept e. K.,www.timeforbed.de,https://www.timeforbed.de/agb.html
661,Shop und Co Warenvertriebs GmbH,www.telido.de,https://www.telido.de/agbs.asp
662,Michael West,www.meinesteinwelt.de,http://www.meinesteinwelt.de/epages/78218826.sf/de_DE/?ObjectPath=/Shops/78218826/Categories/TermsAndConditions
663,S&Y Balikci GmbH,www.safakshop.de,https://www.safakshop.de/info/allgemeine-geschaeftsbedingungen.html
664,Uhren-Park GmbH,www.uhren-park.de,https://www.uhren-park.de/shop_content.php/coID/3
665,Full Leasing ProMediaMax Deutschland GmbH,www.elektro-depot.de,http://www.elektro-depot.de/agb
666,Liquid-Life GmbH,www.liquid-life.de,https://www.liquid-life.de/agb
667,Multi Trade Handels & Beteiligungs GmbH,www.reviwell.at,https://www.reviwell.at/de/agb
668,Pet-Logistics GbR - Jennifer Andres und Martin Steiner,www.luxus4dogs.com,https://www.luxus4dogs.com/agb-impressum/0-0-5680-5680-0.htm
669,reuter onlineshop GmbH,www.reuter.de,https://www.reuter.de/rechtliches/agb.html
670,Endlichzuhause GmbH,www.endlichzuhause.de,https://www.endlichzuhause.de/allgemeine-geschaeftsbedingungen//
671,Shopping.de Handels GmbH,my.shopping.de,https://my.shopping.de/agb
672,Eyebar GmbH,www.eyebar.de,https://www.eyebar.de/agb/
673,Holzmaster 24 GmbH,www.scheppach-holzmaster24.de,https://www.scheppach-holzmaster24.de/epages/61981824.sf/de_DE/?ObjectPath=/Shops/61981824/Categories/TermsAndConditions
674,Internethandel Thomas Engler,www.green-point.de,https://www.green-point.de/index.php?id=9
675,nimax GmbH,www.astroshop.de,https://www.astroshop.de/agb/c,9035
676,MS Wohnstudio GbR - Michael Lohr und Stefan Zagler,www.trendmoebel24.de,https://www.trendmoebel24.de/ueber-uns/agb/
677,United Games GmbH,www.mcgame.com,https://www.mcgame.com/de/agb
678,camp37 KG,www.camp37.de,http://www.camp37.de/custom/index/sCustom/64
679,Kamin und Grill Shop GmbH,www.grillfuerst.de,https://www.grillfuerst.de/agb.php
680,Der Fernseh-Doktor Loll KG,www.loll-store.de,https://www.loll-store.de/ueber-uns/agb/
681,Hartmann GmbH,www.mercedes-originalteile.de,https://www.mercedes-originalteile.de/AGB/
682,Armin Bischoff,www.bettenluxus.de,https://www.bettenluxus.de/info/allgemeine-geschaeftsbedingungen.html
683,Marcel Otten,kabello.de,https://kabello.de/
684,Vision24 GmbH,www.beamer24.de,https://www.beamer24.de/content/de/Unsere-AGBs.html
685,Nicole Barth,www.handy-fabrik24.de,https://www.handy-fabrik24.de/content/agb
686,INTERSPORT Digital GmbH,www.intersport.de,https://www.intersport.de/agb-und-kundeninfo/
687,Nicole Elberich Duftlädchen,www.duftlaedchen.de,https://www.duftlaedchen.de/j/shop/terms
688,Stadt-Parfümerie Pieper GmbH,www.parfuemerie-pieper.de,https://www.parfuemerie-pieper.de/
689,IT-Webstore GmbH,www.fortknox.de,https://www.fortknox.de/shop/page.php?mc=page&pageindex=57
690,Bad Apotheke,www.apondo.de,https://www.apondo.de/
691,noteboox.de,noteboox.de,https://noteboox.de/AGB
692,BeLaMa - Dawid Özkök,www.belama.de,https://www.belama.de/agb/
693,edinger Fachmarkt GmbH,www.garten.edingershops.de,https://www.garten.edingershops.de/Unsere-AGB:_:3.html
694,Hifi am Fleth - Detlef Blaß,www.justhifi.de,http://www.justhifi.de/support/agb/
695,EXPERT-Security GmbH & Co. KG,www.expert-security.de,https://www.expert-security.de/allgemeine-geschaeftsbedingungen
696,Schimmelpfennig GmbH & Co.KG,www.badshop.de,https://www.badshop.de/agb
697,Tennis-Point GmbH,www.idealo.de,https://www.idealo.de/preisvergleich/Shop/285505.html
698,Die Weinstraße Stefan Lenz e. K.,www.dieweinstrasse.de,https://www.dieweinstrasse.de/shop/agb.html
699,Arcom Bäder und Bauen GmbH & Co. Vertriebs KG,www.arcom-center.de,https://www.arcom-center.de/agb-widerruf:_:3.html
700,ZooRoyal GmbH,www.zooroyal.de,https://www.zooroyal.de/AGB-shop/
701,Toy-Versand,shop.toy-versand.com,https://shop.toy-versand.com/de/agb
702,BS-Apotheken OHG,www.medicaria.de,https://www.medicaria.de/informationen/agb.html
703,SportScheck GmbH,www.sportscheck.com,https://www.sportscheck.com/agb/
704,Elzer Küchen Centrum GmbH Onlineshop,shop.kuechen-centrum.de,http://shop.kuechen-centrum.de/cgi-bin/lshop.cgi?action=inline&file=AGB-d.html
705,Quinte Beschallungstechnik,www.quinte-online.de,https://www.quinte-online.de/AGB-Infos/
706,Achhammer GmbH & Co. KG,www.achhammer.com,https://www.achhammer.com/Shop/de/shop_content.php?coID=3
707,Beauty Now GmbH,www.haarpflege-pur.de,https://www.haarpflege-pur.de/AGB
708,Pittschau Landmaschinen - Inhaber: Jörg Pittschau,pittschau.de,https://pittschau.de/shop/conditions.php
709,GEMAX Werkzeuge GmbH & Co. KG,www.saegeblatt-shop.de,https://www.saegeblatt-shop.de/agb.html
710,Hinrich Kiel GmbH & Co KG,www.hausratplus.de,https://www.hausratplus.de/agb
711,Apendics UG (haftungsbeschränkt) & Co. KG,www.apendics.de,https://www.apendics.de/index.php?article_id=11
712,Lumizil GmbH,www.lumizil.de,https://www.lumizil.de/agb/
713,Kindermaxx UG (haftungsbeschränkt),www.kindermaxx.de,https://www.kindermaxx.de/agb
714,Conalco Spirituosen UG (haftungsbeschränkt),www.conalco.de,https://www.conalco.de/agb
715,Daniel Engelbrecht,www.da-x.de,https://www.da-x.de/de/rechtliche-informationen/#agb
716,fit4form GmbH,www.fit4form.de,https://www.fit4form.de/AGB
717,Goodwheel GmbH,www.tyrigo.com,https://www.tyrigo.com/agb
718,Xergia GmbH,www.xergia.de,http://www.xergia.de//hilfe/hilfe.html?seite=agb
719,Hifi Schluderbacher - Inhaber: Helmut Schluderbacher,www.hifi-schluderbacher.de,https://www.hifi-schluderbacher.de/de/agb/
720,Elduran und Yalcinkaya GbR,www.friseurbedarf-storemex.com,https://www.friseurbedarf-storemex.com/UNSERE-AGBs:_:3.html
721,Zweiradcenter - Markgraf und Linn GmbH,www.fahrrad-sale.de,https://www.fahrrad-sale.de/info/Fahrrad-Sale-AGB.html
722,CAVALLO TOOLS GmbH & Co KG,c-tools24.de,http://c-tools24.de/shop/AGB/
723,elektro-plus GmbH,www.moebel-plus.de,http://www.moebel-plus.de/agb
724,MÄC-Fussel Wo Profis einkaufen - Inh. Thomas Raabe,www.internetwerkzeug.de,https://www.internetwerkzeug.de/info/agb.html
725,W. Jung Gesellschaft mit beschränkter Haftung,www.premiummarken4u.de,https://www.premiummarken4u.de/allgemeine_geschaeftsbedingungen
726,Preis-Flamme - Andreas Streitwieser,www.preis-flamme.de,http://www.preis-flamme.de/epages/62632385.sf/de_DE/?ObjectPath=/Shops/62632385/Categories/TermsAndConditions
727,Betten-Prinz GmbH,www.betten-prinz.de,https://www.betten-prinz.de/agb
728,Nicole Dumont GmbH,www.mocavi.de,https://www.mocavi.de/informationen/allgemeine-geschaeftsbedingungen-und-kundeninformationen/
729,Ademia GmbH,www.leiterkoenig.de,https://www.leiterkoenig.de/AGB/
730,Michael Ornot,www.heimkino-aktuell-shop.de,https://www.heimkino-aktuell-shop.de/cgi-bin/lshop.cgi?action=inline&file=AGB-d.html&eix=1221056336&wkid=15644&ls=d&nocache=1226413442-15644
731,Demmelhuber Holz & Raum Vertriebs GmbH,www.demmelhuber.net,https://www.demmelhuber.net/agb-kundeninformation
732,dasgibtesnureinmal.de e.K.,www.dasgibtesnureinmal.de,https://www.dasgibtesnureinmal.de/agb.html
733,Everit GmbH,www.cloudmarkt.de,https://www.cloudmarkt.de/agb
734,KMS Kommunal-Maschinen-Service GmbH,www.robotprofi.de,https://www.robotprofi.de/agb
735,Setpoint Deutschland GmbH,www.setpoint.de,https://www.setpoint.de/agb.html
736,kinderautohaus.de - Barbara Ruschel,www.kinderautohaus.de,https://www.kinderautohaus.de/info/allgemeine-geschaeftsbedingungen.html
737,Müller Sporthandels- und Beteiligungs-GmbH,www.firstfairway.de,https://www.firstfairway.de/agb
738,linsenbude.de,www.linsenbude.de,http://www.linsenbude.de/shop_content.php/coID/3
739,Wohnen 24 GmbH & Co. KG,www.kueche24-shop.com,https://www.kueche24-shop.com
740,Admira - Apotheke,www.homoeopathiefuchs.de,https://www.homoeopathiefuchs.de/agb_1.html
741,GASSMANN EDV-Multimedia,www.gassmann-eshop.de,http://www.gassmann-eshop.de/conditions.htm
742,Firma Opticus,www.optilens.de,https://www.optilens.de/cgi-bin/iboshop.cgi?showbynameAGB,0
743,Vertical Extreme Michael Maximilian Huber und Max Josef Huber GbR,www.verticalextreme.de,https://www.verticalextreme.de/content/impressum/
744,BAUHAUS GmbH & Co. KG,www.bauhaus.info,https://www.bauhaus.info/agb
745,Staples Deutschland GmbH & Co.KG,www.staples.de,https://www.staples.de/Content/Static/customerservice/legal/policies/terms_sale.cshtml
746,Kobalz GmbH,www.guenstig-einrichten.de,http://www.guenstig-einrichten.de/AGB
747,AKW Fitness & Sport Handels GmbH,www.akw-fitness.de,http://www.akw-fitness.de/agb
748,F24.net GmbH,fitnessworld24.net,https://fitnessworld24.net/agb
749,roprexx GmbH,www.rohling-express.com,https://www.rohling-express.com/shop2/index.php?user=rohlingexpress&agbview=1
750,think about IT GmbH,www.notebooksandmore.de,https://www.notebooksandmore.de/agb
751,trends4cents Groß- und Einzelhandels-GmbH,www.trends4cents.de,https://www.trends4cents.de/info/AGB.html
752,Höffner Online GmbH & Co. KG,www.hoeffner.de,https://www.hoeffner.de/agb
753,BADKONTOR GmbH,www.badkontor.de,https://www.badkontor.de/badkontor/main/aboutUsPage.xhtml?wec-appid=BADKONTOR&page=agb&wec-locale=de_DE
754,Oliver Katz,www.parfuemerie-katz.de,https://www.parfuemerie-katz.de/AGB/
755,CAMPING FACTORY - Wolfgang Immler,www.camping-factory.com,https://www.camping-factory.com/custom/index/sCustom/77
756,PIEPER Golf & Horses GmbH,www.pieper-golf.de,https://www.pieper-golf.de/index.php?id=34
757,Dieter Gmeiner und Dimitri Gmeiner GbR,www.brandschutz-rauchwarntechnik.de,https://www.brandschutz-rauchwarntechnik.de/info/allgemeine-geschaeftsbedingungen.html
758,Action Sports GmbH,www.actionsports.de,https://www.actionsports.de/agb
759,BS-Apotheken OHG,www.aliva.de,https://www.aliva.de/AGB
760,Jürgen Stehle Haustechnik,www.meinbad-online.de,http://www.meinbad-online.de/meinbad/Unsere-AGB:_:3.html
761,Lautsprecher Teufel GmbH,www.teufel.de,https://www.teufel.de/agb.html
762,Loftsound - Markus Kampschulte,www.loftsound.de,https://www.loftsound.de/agb
763,Sächsische Handelsagentur e.K.,www.rohr-werkzeug.de,https://www.rohr-werkzeug.de/agb
764,Home24 SE,www.fashionforhome.de,https://www.fashionforhome.de/agb/
765,muenkel.eu GmbH,www.muenkel.eu,https://www.muenkel.eu/de/AGB
766,Cologne Trading House GmbH,www.king-of-sports.de,https://www.king-of-sports.de/ecms.php?ecms%5bdo%5d%5btype%5d=PAGE&ecms%5bdo%5d%5bid%5d=agb&ecms%5bdo%5d%5bparams%5d=&ecms%5bdo%5d%5bfilename%5d=agb&ecms%5bdo%5d%5bpath%5d=
767,Eyewear Prime GmbH,www.linsenquelle.de,https://www.linsenquelle.de/businessconditions/
768,Jan Leonards,www.tuerklingel-shop.de,https://www.tuerklingel-shop.de/AGB
769,HI-Tech Groß GmbH,www.technikgross.de,https://www.technikgross.de/rechtliches/agb/
770,BeLa & Co. GmbH,www.zeitlounge.com,https://www.zeitlounge.com/zeitlounge/agb/
771,PVO GMBH,www.guenstiger-bekommen.de,http://www.guenstiger-bekommen.de/agb
772,OMG.de GmbH,shop.omg.de,https://shop.omg.de/ueber-uns/agb/
773,session GmbH & Co. KG,www.session.de,https://www.session.de/agb/
774,Daniele De Caro,whiskyonline24.de,https://whiskyonline24.de/epages/66b2e329-a540-4b78-8eaa-61c774019c21.sf/de_DE/?ObjectPath=/Shops/66b2e329-a540-4b78-8eaa-61c774019c21/Categories/TermsAndConditions
775,Kevin Greve,www.zoo-dreams.de,https://www.zoo-dreams.de/Unsere-AGB:_:3.html
776,Maxtech GmbH,www.akkupilot.de,https://www.akkupilot.de/AGB
777,Dieter Horn GmbH,www.dieter-horn.de,https://www.dieter-horn.de/de/agb
778,Kara GmbH,www.heizman24.de,https://www.heizman24.de/agb
779,Lausitzer Möbelkaufhaus - Robert  Herrmann,www.idealo.de,https://www.idealo.de/preisvergleich/Relocate/293922.html?sid=293922&type=agb
780,SLS PROFISHOP GmbH & Co. KG,www.sls-profishop.de,https://www.sls-profishop.de/
781,Glasdeals - Inhaber: Lars Apitius,www.glasdeals.de,http://www.glasdeals.de/Unsere-AGB:_:3.html
782,IES Media Electronic GmbH,www.ies24.de,https://www.ies24.de/information/allg-geschaftsbedingungen/
783,Bergzeit GmbH,www.bergzeit.de,https://www.bergzeit.de/agbs/
784,Pieper GmbH & Co. KG Großhandel,www.faltraddepot.de,https://www.faltraddepot.de/epages/81766073.sf/de_DE/?ObjectPath=/Shops/81766073/Categories/TermsAndConditions
785,AH-Trading GmbH,www.gartenmoebel.de,https://www.gartenmoebel.de/AGB/
786,Bastian Freise,www.brickswelt.eu,http://www.brickswelt.eu/Unsere-AGB:_:3.html
787,PHD GmbH,www.phd-kinderwelt.de,http://www.phd-kinderwelt.de/agb
788,idee+spiel Fördergemeinschaft Spielwaren Facheinzelhandels-GmbH & Co. KG,www.ideeundspiel.com,https://www.ideeundspiel.com/de-DE/Terms
789,eXo Fachhandel UG (haftungsbeschränkt),moebel-edel.de,https://moebel-edel.de/conditions.php
790,berondi,berondi.de,https://berondi.de/agb/
791,EUE Hamburg GmbH & Co KG,eue.de,https://eue.de/agb.html
792,VitalAbo Handels Gmbh,www.vitalabo.de,https://www.vitalabo.de/info/agb
793,MegaRepair GmbH,www.megawolf.de,https://www.megawolf.de/agb
794,Christina Schindler,www.kofferexpress24.de,https://www.kofferexpress24.de/agb/
795,PFEIFHOFER OHG,www.armixx.com,https://www.armixx.com/de/agb
796,Müller Professional Store e.K.,www.grill-und-co.de,https://www.grill-und-co.de/agb/
797,BULTO GmbH,www.leitern.net,https://www.leitern.net/AGB?x658bf=de5353978d012012f7ef8719b801c92f
798,Uhren & Schmuck M.-L. Günther - Marie-Luise Günther,www.juwelier-guenther.eu,https://www.juwelier-guenther.eu/Unsere-AGB-_-3.html
799,Jörg's Sportladen,www.joergs-sportladen.de,https://www.joergs-sportladen.de/Allgemeine-Geschaeftsbedingungen
800,Arlt Computer Produkte GmbH,www.arlt.com,http://www.arlt.com/Allgemeine-Geschaeftsbedingungen/
801,Media Seller OHG,www.media-seller.de,https://www.media-seller.de/agb.html
802,WINT Wittener Internet-Handel UG (haftungsbeschränkt),www.profi-witten.eu,https://www.profi-witten.eu/epages/62571926.sf/de_de/?objectpath=/shops/62571926/categories/termsandconditions
803,HOCO ONLINE GmbH,www.bike-mailorder.de,https://www.bike-mailorder.de/agb/
804,eVendix e.K.,www.evendix.de,https://www.evendix.de/bestellvorgang/agb/
805,Obelink Camping bv,www.obelink.de,https://www.obelink.de/agb.html
806,ROSE Bikes GmbH,www.rosebikes.de,https://www.rosebikes.de/inhalt/hilfe/agb
807,Elektroverkauf-online - André Wiltner,www.elektroverkauf-online.de,https://www.elektroverkauf-online.de/agb
808,Inhaber: Sven Tackmann,www.solarbag-shop.de,https://www.solarbag-shop.de/agb
809,Tino Harnisch,www.inkosafe.de,https://www.inkosafe.de/AGB/
810,Delticom AG,www.motoroeldirekt.de,https://www.motoroeldirekt.de/agb
811,HP Deutschland,store.hp.com,https://store.hp.com/GermanyStore/Merch/Offer.aspx?p=faq-terms-conditions#store-agbs!
812,Grimm KG,www.derhobbykoch.de,https://www.derhobbykoch.de/agb/kundeninformationen
813,MH-Online GmbH,www.terrassenheizer-online.de,https://www.terrassenheizer-online.de/agb
814,Jürgen Steffen,elektrostore-steffen.de,http://elektrostore-steffen.de/AGB
815,europafoto eCommerce GmbH,www.europafoto.de,https://www.europafoto.de/hardware/agb
816,Sebastian Grunow,www.kleinefabriek.com,https://www.kleinefabriek.com/agb/
817,My Sports World UG (haftungsbeschränkt),sonstnix.de,https://sonstnix.de/AGB
818,Auto-Lamp Przybyla & Lorkowski OHG,auto-lamp.de,https://auto-lamp.de/popup_content.php?lightbox_mode=1&coID=3
819,Elektro Hoen e. K.,www.elektro-hoen.de,https://www.elektro-hoen.de//home/agb.html?PHPSESSID_elektrohoen_esales=4u00c3n8gaj8pnn0il3b00eom2
820,Wecando Group Großhandels GmbH,www.monsterhopups.de,https://www.monsterhopups.de/e-vendo.php?SessionId=&a=agb
821,Madlener GmbH,www.grillshop.at,https://www.grillshop.at/agb.html?=agb
822,kfzparts24 GmbH,www.kfzparts24.de,https://www.kfzparts24.de/conditions.php
823,iQVC GmbH,www.qvc.de,https://www.qvc.de/webapp/wcs/stores/servlet/TemplatedDisplayView?pageId=pagenotfound&redirh=t
824,Office Depot Deutschland GmbH,www.viking.de,https://www.viking.de/de/?ID=static_termsofuse_cons
825,ZEYTECH GmbH,www.zeytech.de,https://www.zeytech.de/AGB
826,iubar GmbH,www.lampe-iubar.de,https://www.lampe-iubar.de/AGB
827,Jutta Simon,www.freizeitland-simon.de,http://www.freizeitland-simon.de/agb
828,VIVA Licht | Wohnen | Design - Markus Gutzler,www.getlight.de,https://www.getlight.de/agbs/
829,Küchenfachmarkt Am Südring Meyer & Zander GmbH,www.kuechenfachmarkt-shop.de,https://www.kuechenfachmarkt-shop.de/AGB/
830,Elektro-Kuhlmann - Inh. Berthold Zweifler,jetztfunkts.de,https://jetztfunkts.de/agb
831,Kinderhaus Blaubär GmbH & Co. KG,www.kinderhaus-blaubaer.de,https://www.kinderhaus-blaubaer.de/agb-und-kundeninfo/
832,Linden-Apotheke Michael Spiegel e.K.,www.unserekleineapotheke.de,https://www.unserekleineapotheke.de/de/wisl_s-cms/extern/agb.php.html
833,allestechnik electronic GmbH,www.allestechnik.de,https://www.allestechnik.de/page.php?page=alltec_agb
834,falkemedia GmbH & Co. KG,www.falkemedia-shop.de,https://www.falkemedia-shop.de/agb
835,Alte Hof-Apotheke Anton Hummel e.K.,www.altehofapotheke.com,https://www.altehofapotheke.com/agb.html
836,EnterElec Dipl.-Inform.wirt (FH) Hasan Catal,www.enterelec.de,https://www.enterelec.de/AGB
837,hidden audio e.K.,hidden-audio.de,http://hidden-audio.de/index.php/agb/
838,BIG Batterie-Industrie-Germany GmbH,www.batterie-industrie-germany.de,https://www.batterie-industrie-germany.de/bestellvorgang/agb/
839,Heinrich Duve Inh. Detlef Hölge e.K.,www.duveshop.de,https://www.duveshop.de/epages/61330151.sf/de_DE/?ObjectPath=/Shops/61330151/Categories/TermsAndConditions
840,Schoenberger Germany Enterprises GmbH & Co. KG,www.jalousiescout.de,https://www.jalousiescout.de/AGB
841,E. Breuninger GmbH & Co.,www.breuninger.com,https://www.breuninger.com/store/footer_agbpage.jsf/
842,Yellow Point GmbH,www.taschenparadies.de,https://www.taschenparadies.de/agb
843,Cyzou GmbH,cyzou.de,https://cyzou.de/agb
844,Schenk Trading e.K.,www.elektrowelt-muenchen.de,https://www.elektrowelt-muenchen.de/shop_content.php/coID/3/content/AGB
845,heimkino-partner24.com - Inh. Lars Engel,heimkino-partner24.com,https://heimkino-partner24.com/AGB/
846,markenbaumarkt24 GmbH,markenbaumarkt24.de,https://markenbaumarkt24.de/AGB/
847,CMN Printpool - Inhaber: Mathis Neumann,www.cmn-printpool.de,https://www.cmn-printpool.de/lshop,inline,133354245529206,de,1333542455-29206,,,9,,.htm
848,Empinio24 e.K.,www.empinio24.de,https://www.empinio24.de/
849,ScanDig GmbH,www.scandig.de,https://www.scandig.de/agb.html
850,Gunther Schwarzkopf,www.cybertech-shop.de,http://www.cybertech-shop.de/SH_Pg_LicenceAgr?shopid=742913202
851,Christmann + Schermer GbR,www.walkonthewildside.de,https://www.walkonthewildside.de/content/3-allgemeine-geschaeftsbedingungen
852,Design in Bad E.J. GmbH,design-in-bad.eu,https://design-in-bad.eu/shop_content.php/coID/3/content/Unsere-AGB-s
853,WeBaWi GmbH,www.futtermuehle.com,http://www.futtermuehle.com/info/allgemeine-geschaeftsbedingungen.html
854,Wupper-Kuechen GmbH,wkshop24.de,http://wkshop24.de/agb
855,fliegende-pillen.de | Erik Tenberken e.K.,www.fliegende-pillen.de,https://www.fliegende-pillen.de/content/allgemeine-geschaeftsbedingungen.1.html
856,J&M Musikland e.K.,www.musikland-online.de,https://www.musikland-online.de/Infos/AGB/
857,Obpacher GmbH,www.xspo.de,https://www.xspo.de/agb
858,I.P.A. GmbH,www.pflegen-polieren.de,https://www.pflegen-polieren.de/info/widerrufsbelehrung
859,HS Fachmarkt Vertriebs-GmbH,www.garten-und-freizeit.de,https://www.garten-und-freizeit.de/agb
860,Planet Sports GmbH,www.planet-sports.de,https://www.planet-sports.de/agb/
861,SAR Creative Marketing AG,www.luna-time.de,https://www.luna-time.de/AGB-und-Kundeninformationen
862,Pieper GmbH & Co. KG Großhandel,www.pieper-shop.de,https://www.pieper-shop.de/index.php?id=5
863,Marc Engelhardt,www.medialand4you.de,http://www.medialand4you.de/xanario_cinfo.php?language=de&content_id=38&sessID=5teb3b673a13nvsqekhl1rk645j6t9bt30u4kfk1uvi42v3ldvr0
864,JÜMI Handels GmbH,www.di-life.eu,https://www.di-life.eu/de/unsere-agb
865,AMS e-commerce GmbH,www.mytvshop.de,https://www.mytvshop.de/Unsere-AGB:_:3.html
866,ABOUT YOU GmbH,www.aboutyou.de,https://www.aboutyou.de/agb
867,International Warehouse GmbH & Co. KG,www.luxor24.com,https://www.luxor24.com/de/agb
868,Skybad GmbH,www.skybad.de,https://www.skybad.de/agb
869,lieblingstasche.de - Simone Wiechert,www.lieblingstasche.de,https://www.lieblingstasche.de/herren/agb/
870,Moba Coffee GmbH & Co. KG,www.mobacoffee.de,https://www.mobacoffee.de/AGB
871,Hüttich GmbH,www.gasherd.de,https://www.gasherd.de/?hp=AGB
872,Jung Service & Vertrieb,sportbiene.de,https://sportbiene.de/AGB
873,Lampenwelt GmbH,www.lampenwelt.de,https://www.lampenwelt.de/info/agb.html
874,CARDIOfitness GmbH & Co.KG,www.cardiofitness.de,https://www.cardiofitness.de/13/AGB.htm
875,Keenberk GmbH,www.kuechenhaus24.de,https://www.kuechenhaus24.de/shop/agb/
876,Grillstar.de GmbH,www.grillstar.de,https://www.grillstar.de/
877,Elektrohaus Kurzer GmbH,www.talkthisway.de,https://www.talkthisway.de/agb/
878,Jörg Tauchel,www.vital2shop.de,http://www.vital2shop.de/info/allgemeine-geschaeftsbedingungen.html
879,yourhealthfit GmbH,www.yourhealthfit.de,https://www.yourhealthfit.de/agb
880,PIEPER GmbH & Co. KG - Grosshandel,www.truckerdepot.de,https://www.truckerdepot.de/index.php?id=104
881,eteco GmbH,trainer-4you.de,https://trainer-4you.de/agb/
882,HK Handelskontor Hessen GmbH & Co. KG,www.weka-shop24.de,https://www.weka-shop24.de/agb
883,Abele Optik GmbH,www.abele-optik.de,https://www.abele-optik.de/
884,Trotec GmbH & Co. KG,www.trotec24.com,https://www.trotec24.com/info/gtc.html
885,JUSTsmart Stores24 GmbH,www.electrohouse24.de,https://www.electrohouse24.de/AGB
886,Müller Sporthandels- und Beteiligungs-GmbH,www.sportversand-mueller.de,https://www.sportversand-mueller.de/agb
887,ECom Union GmbH,www.onletto.de,https://www.onletto.de/bestellvorgang/agb/
888,Tim Albert,www.moebeltraum24.de,http://www.moebeltraum24.de/agb
889,Wamhoff GmbH & Co. KG,www.wamhoff-shop.de,https://www.wamhoff-shop.de/agb
890,Otto (GmbH & Co KG),www.schlafwelt.de,https://www.schlafwelt.de/service/#agb_23
891,MRG Computer - Mario Reifschneider,www.lapstars.de,https://www.lapstars.de/information.php?info_id=1
892,Gourmondo Food GmbH,www.gourmondo.de,https://www.gourmondo.de/terms-conditions
893,Delticom AG,www.autopink-shop.de,https://www.autopink-shop.de/AGBs.html
894,Foto Lehmann Inh. Uwe Sommer e.K.,fotolehmann.rf-webworld.de,https://fotolehmann.rf-webworld.de/info/agb
895,Onlinehandel Ricardo Dietrich,www.shoptastic.de,https://www.shoptastic.de/agb/
896,AB-SOFT sp. z o.o.,buy-soft.de,https://buy-soft.de/index.php?id_cms=44&controller=cms
897,Oponeo.de GmbH,www.oponeo.de,https://www.oponeo.de/agb
898,accipo GmbH,www.dorsalo.de,https://www.dorsalo.de/agb
899,Weiner GmbH & Co. KG,www.hazet-freak.de,https://www.hazet-freak.de/?id=6
900,Elektro Göttert GmbH & Co. KG,www.elektro-goettert.de,https://www.elektro-goettert.de//allgemeine-geschaeftsbedingungen-kundeninformationen.html
901,ELV Elektronik AG,www.elv.de,https://www.elv.de/output/controller.aspx?cid=169
902,Rasche24 UG&Co.KG,www.werkzeugoutlet24.de,https://www.werkzeugoutlet24.de/conditions.php
903,hygi.de GmbH & Co. KG,www.hygi.de,https://www.hygi.de/agb.html
904,timeshop24.de Limited,www.timeshop24.de,https://www.timeshop24.de/agb
905,Cologne Trading House GmbH,www.gartenfachmarkt24.de,https://www.gartenfachmarkt24.de/ecms.php?ecms%5bdo%5d%5btype%5d=PAGE&ecms%5bdo%5d%5bid%5d=agb&ecms%5bdo%5d%5bparams%5d=&ecms%5bdo%5d%5bfilename%5d=agb&ecms%5bdo%5d%5bpath%5d=
906,ATP Auto-Teile-Pöllath Handels GmbH,www.idealo.de,https://www.idealo.de/preisvergleich/Shop/290992.html
907,Stefan Träger,www.bavarian-adventure.de,https://www.bavarian-adventure.de/agb
908,Radiostore Handels GmbH,www.radiostore.de,https://www.radiostore.de/AGB/
909,Betron AG I best-in-jura,www.best-in-jura.de,https://www.best-in-jura.de/shop_content.php/coID/3/content/Unsere-AGB
910,early B GmbH,www.r2g.de,https://www.r2g.de/AGB:_:3.html
911,DePauli AG,www.herrenausstatter.de,https://www.herrenausstatter.de/agb_frm.html
912,MGS Münchner Getränke Service GmbH,www.rumfass.de,https://www.rumfass.de/agb
913,Johannes Weiß,www.forstgarten24.de,https://www.forstgarten24.de/AGB
914,Scholl Reinigungstechnik GmbH & Co. KG,www.cleanclub.de,https://www.cleanclub.de/agb/
915,Toni Hausmann,www.elektro-hausmann.de,https://www.elektro-hausmann.de/agb
916,Racing Planet Vertrieb GmbH,www.racing-planet.de,https://www.racing-planet.de/agb-ct-208-1.html
917,TRC Toner Recycling Center GmbH,www.toner-partner24.de,https://www.toner-partner24.de/AGB
918,HKS Kamin- und Kachelofen GmbH,www.hks-kamine.de,https://www.hks-kamine.de/info/allgemeine-geschaeftsbedingungen.html
919,Kirsten Küper,www.kikiwelt.de,http://www.kikiwelt.de/shop_content.php?coID=3
920,eunovis OHG,www.spielzeug24.de,https://www.spielzeug24.de/conditions.php
921,Decathlon Sportspezialvertriebs GmbH,www.decathlon.de,https://www.decathlon.de/landing/_/R-a-agb
922,MACTRADE Computerhandelsgesellschaft mbH,www.mactrade.de,https://www.mactrade.de/agb
923,UWFUN GmbH,www.uwfun24.de,https://www.uwfun24.de/AGB
924,A & K 10.000 - Hausgeräte und Küchen GmbH,www.ak10000-shop.de,https://www.ak10000-shop.de/ak10000/agb/
925,Versandapotheke der Stifts-Apotheke,www.apotheker.com,https://www.apotheker.com/content/allgemeine-geschaeftsbedingungen.56.html
926,Martin Gläser,www.idealo.de,https://www.idealo.de/preisvergleich/Shop/28906.html
927,Lucky Bike.de GmbH,www.lucky-bike.de,https://www.lucky-bike.de/.cms/Fahrrad/Fahrraeder/Bike/8-1/?aid=idealo
928,Audio Forum HiFi-Studios GmbH,www.audioforum-berlin.de,https://www.audioforum-berlin.de/de/CS/AGB
929,Marco Wünschmann,www.welectron.com,https://www.welectron.com/AGB
930,Wunderkopf GmbH,www.wunderkopf.de,https://www.wunderkopf.de/agb.html
931,Kamera-Fotohaus GmbH,www.kamera-fotohaus.de,https://www.kamera-fotohaus.de/allgemeine-geschaftsbedingungen
932,Bad Onlinevertrieb GmbH,www.badquadrat.de,https://www.badquadrat.de/agb.html
933,International Electronic Trade - SearchBuy e.U. - Inhaber: Peter Winkler,www.handy-tuning.com,https://www.handy-tuning.com/info/agb
934,PHOTO PORST Neuwied Inh. Dieter Grünhäuser,photo-porst-neuwied.rf-webworld.de,https://photo-porst-neuwied.rf-webworld.de/info/agb
935,MD-Sound GmbH & Co. KG,www.md-sound.de,https://www.md-sound.de/AGB
936,Universal Needs Ralf Werner Online-Handel - Ralf Werner,www.solarleuchten24.de,https://www.solarleuchten24.de/agb.htm
937,Solo Entertainment e.K.,www.solo-entertainment.de,http://www.solo-entertainment.de/AGB:_:3.html
938,Tobias Krist,www.creoven.de,https://www.creoven.de/content/agb/
939,International Eyewear GmbH,www.linsenpate.de,https://www.linsenpate.de/account/legalterms.html
940,Taschenkaufhaus GmbH,www.taschenkaufhaus.de,https://www.taschenkaufhaus.de/agb.html
941,FamilienBande GmbH,www.familienbande.com,http://www.familienbande.com/agb
942,Klaus Senoner,www.alarm-technik.eu,https://www.alarm-technik.eu/de/unsere-agb
943,Johannes Hellebusch,www.batterie100.de,https://www.batterie100.de/agb
944,ZOXS GmbH,www.buyzoxs.de,https://www.buyzoxs.de/agb-widerrufsbelehrung.html
945,multimedia connect - Antonino Bosco,multimedia-connect.info,http://multimedia-connect.info/info/allgemeine-geschaeftsbedingungen.html
946,OnlineStore-John,www.onlinestore-john.de,https://www.onlinestore-john.de/conditions.php
947,EMCOM GmbH,www.akku500.de,https://www.akku500.de/AGB
948,V & S Vertriebs- und Service GmbH & Co. KG,www.online-batterien.de,https://www.online-batterien.de/shop/AGB
949,Katrin Stoll,www.stoll-espresso.de,https://www.stoll-espresso.de/agb
950,Asaboshi Systems GmbH,asaboshisystems.de,https://asaboshisystems.de/agb.htm
951,baumarkt direkt GmbH & Co KG,www.hagebau.de,https://www.hagebau.de/agb/
952,Neon Computer GmbH,www.neon24.de,https://www.neon24.de/AGB
953,E&R Software GmbH,er-games.shop,https://er-games.shop/index.php?id_cms=3&controller=cms
954,Dehner Gartencenter GmbH & Co. KG,www.dehner.de,https://www.dehner.de/service/agb/
955,A. Leistenschneider GmbH & Co. KG,www.foto-leistenschneider.de,https://www.foto-leistenschneider.de/foto/de/wir/agb/
956,BikeFast GmbH,www.powermetershop.de,https://www.powermetershop.de/agb
957,PHD GmbH,phd-shop.de,http://phd-shop.de/info/allgemeine-geschaeftsbedingungen.html
958,SVG Medizinsysteme GmbH & CO. KG,www.svggermany.de,https://www.svggermany.de/agb.html
959,Sächsische Handelsagentur Holger Gutseel e.K.,messfreunde.de,http://messfreunde.de/agb-ms/
960,Haus- & Gartenwelt Handels GmbH,haus-gartenwelt.at,https://haus-gartenwelt.at/info/allgemeine-geschaeftsbedingungen.html
961,E.U.M. GmbH,www.bq-warehouse.de,https://www.bq-warehouse.de/agb
962,Der Energiesparladen - Inhaber: Dr. Siegbert Merkle,www.derenergiesparladen.de,http://www.derenergiesparladen.de/agb.php?lang=de
963,Esters GmbH,www.uhrcenter.de,https://www.uhrcenter.de/de/conditions/terms_and_conditions_plain.htm
964,Tinten-Shop Wismar,www.druckerpatronen-guenstiger.de,http://www.druckerpatronen-guenstiger.de/shop_content.php?coID=3&XTCsid=2793a086732a40c89b0afd217a1e0f13
965,SHOP4YOU GmbH,www.shop4you.de,https://www.shop4you.de/agb/
966,Inhaber: Hubert Schwentner,www.all24.at,https://www.all24.at/agb/
967,Telekom Deutschland GmbH,www.telekom.de,https://www.telekom.de/is-bin/INTERSHOP.enfinity/WFS/EKI-PK-Site/-/-/-/ViewAGB-Start
968,wilkon Systems GmbH & Co. KG,www.wilkon-sicherheitstechnik.de,https://www.wilkon-sicherheitstechnik.de/epages/wilko1.sf/de_DE/?ObjectPath=/Shops/wilko1/Categories/TermsAndConditions
969,Elting GmbH,www.elting.de,https://www.elting.de/AGB
970,encliso GmbH,www.encliso.de,https://www.encliso.de/encliso/agb/
971,pool-fantasien | Melanie Klein,www.pool-fantasien.de,https://www.pool-fantasien.de/epages/63566470.sf/de_DE/?ObjectPath=/Shops/63566470/Categories/TermsAndConditions
972,sportshooter GmbH,www.sportshooter.de,https://www.sportshooter.de/site_agb.php
973,Fashionette GmbH,www.fashionette.de,https://www.fashionette.de/terms-and-conditions
974,PANITZ Küchen und Hausgeräte GmbH,www.hausgeraete-panitz.de,https://www.hausgeraete-panitz.de/AGB/
975,time4wellness GbR,www.time4wellness.de,https://www.time4wellness.de/
976,Bergfreunde GmbH,www.bergfreunde.de,https://www.bergfreunde.de/agb/
977,mundizio GmbH,www.mundizio.de,https://www.mundizio.de/agb/widerruf
978,Dirk Rossmann GmbH,einkaufsportal.rossmann.de,https://einkaufsportal.rossmann.de/site/Rossmann/927/AGB.aspx
979,HiFinesse Audio-Video Versand GmbH,hifinesse.com,https://hifinesse.com/agb
980,Delticom AG,www.mobilemech.de,https://www.mobilemech.de/AGBs.html
981,Ingo Kietzmann,www.smarthome-life.de,https://www.smarthome-life.de/info/allgemeine-geschaeftsbedingungen.html
982,Wiggle Ltd.,www.wigglesport.de,http://www.wigglesport.de/h/option/terms_conditions
983,CS Diabetesfachhandel OHG,www.cs-diabetesfachhandel.de,https://www.cs-diabetesfachhandel.de/weitere/agb
984,ROEBEN GAS GmbH & Co. KG,www.gasshoponline.com,https://www.gasshoponline.com/epages/61452906.sf/de_DE/?ObjectPath=/Shops/61452906/Categories/TermsAndConditions
985,Delinero GmbH,www.foodexplorer.com,https://www.foodexplorer.com/de/?ref=delinero
986,Outnorth AB,www.outnorth.de,https://www.outnorth.de/agb.php
987,Cosmetica GbR - Joanna Grigorov & Grigoriy Grigorov,www.parfumis.de,http://www.parfumis.de/agb
988,OCS.tec GmbH & Co. KG,top-messtechnik.com,https://top-messtechnik.com/
989,Mister Linse GmbH,www.misterlinse.de,https://www.misterlinse.de/agb
990,Mister Spex GmbH,www.misterspex.de,https://www.misterspex.de/rechtliche-hinweise/agb
991,Bremer Industrietechnik GmbH,www.bit-electronix.eu,https://www.bit-electronix.eu/ueber-uns/agb
992,Salon Hagel GmbH,www.hagel-shop.de,https://www.hagel-shop.de/agb/
993,MGS Münchner Getränke Service GmbH,www.bottleworld.de,https://www.bottleworld.de/agb.html
994,Lauschke Caravan und Freizeit OHG,www.campingplus.de,https://www.campingplus.de/AGB.html
995,koffer-direkt.de GmbH & Co. KG,www.koffer-direkt.de,https://www.koffer-direkt.de/agb
996,Babyton GmbH,www.babyton.de,https://www.babyton.de/de/agb
997,Vitego GmbH,www.vitego-shop.de,https://www.vitego-shop.de/AGB
998,powermeter24 GmbH,www.powermeter24.com,https://www.powermeter24.com/de/agb-/-kundeninformation
999,Inh.: Dipl.-Geogr. Martin Baum,www.navifuture.de,https://www.navifuture.de/content/Widerrufsbelehrung.html
1000,lemoboo AG,www.lemoboo.de,https://www.lemoboo.de/allgemeine-geschaeftsbedingungen
1001,Bike Arena Oltmanns OHG,www.radonline.de,https://www.radonline.de/agb/
1002,HOF Electronic Service GmbH,www.hof24.de,https://www.hof24.de/index.php/allgemeine-geschaeftsbedingungen
1003,Gudenkauf GmbH,www.rucksack.de,http://www.rucksack.de/rubriken/agbs.php
1004,Martin Kraft e.K.,www.dabrema.de,https://www.dabrema.de/AGB
1005,Acceler8 GmbH,www.supertatzen.com,http://www.supertatzen.com/de/c13/index.html
1006,Albert Rauch Gesellschaft mit beschränkter Haftung,www.genusswelt.de,https://www.genusswelt.de/?id=10
1007,Müller Professional Store e.K.,garden.professional-store.com,https://garden.professional-store.com/allgemeine-geschaeftsbedingungen
1008,Printmania GmbH,top12.de,https://top12.de/agb/
1009,IBB Zimmereibedarf GmbH,www.ibb-shop24.de,https://www.ibb-shop24.de/shop_content.php/coID/3/content/Unsere-AGB-s
1010,CHAL-TEC GmbH,www.klarstein.de,https://www.klarstein.de/AGB/
1011,Kochform GmbH,www.kochnett.de,https://www.kochnett.de/AGB.html
1012,Ronny Sorgenfrei,www.eisenron.de,https://www.eisenron.de/frontend/agb/
1013,Teamsport Philipp,teamsport-philipp.de,https://teamsport-philipp.de/AGB/
1014,Andrey Shapiro e.K.,www.led-centrum.de,https://www.led-centrum.de/info/allgemeine-geschaeftsbedingungen
1015,Laratech  Handel mit IT Produkten -,www.laratech-shop.de,https://www.laratech-shop.de/oxseo.php/
1016,Apotheke Zur Rose,www.zurrose.de,https://www.zurrose.de/agb
1017,Fimato GmbH,www.hanako-koi.de,https://www.hanako-koi.de/AGB-Datenschutz-Widerrufsrecht.html
1018,Uhren-Hieber GmbH,www.uhrendirect.de,https://www.uhrendirect.de/cgi-bin/shop/front/shop_main.cgi?func=htmlserv&wkid=12156198474395716&tmpl=shop_text_win.html&in=std_agb
1019,Foto Siegl GmbH,shop.fotosiegl.de,http://shop.fotosiegl.de/agb/
1020,Jürgen Zink,www.cycling-24.de,http://www.cycling-24.de/agb
1021,Hair Box GmbH,shop.tophair.com,https://shop.tophair.com/agb.html
1022,Porzellan Rüger GmbH & Co. KG,tableware24.com,https://tableware24.com/agb/
1023,Dr. Carhifi Soundstation,www.drcarhifi.de,https://www.drcarhifi.de/ueber-uns/agb/
1024,Mein-Nutri.de UG (haftungsbeschränkt),mein-nutri.de,https://mein-nutri.de/AGB
1025,All you need GmbH,www.allyouneedfresh.de,https://www.allyouneedfresh.de/kundenservice/agbs
1026,La Rossi Gold Ges.m.b.H.,www.la-rossi.at,http://www.la-rossi.at/error
1027,MetaSport GmbH,www.metasport.de,https://www.metasport.de/agb
1028,Kaphingst Online GmbH,rehashop.de,https://rehashop.de/agb
1029,Music-Town GmbH,www.music-town.de,https://www.music-town.de/AGB:_:3.html
1030,Gemeinnützige Integrationsgesellschaft Kaiserslautern mbH (iKL),steinehelden.de,https://steinehelden.de/agb
1031,Günter Hanff,fotohanff.rf-webworld.de,https://fotohanff.rf-webworld.de/info/agb
1032,Holger Czujack,www.sport-kiosk.de,https://www.sport-kiosk.de/AGB/
1033,Etrodo GmbH,etrodo.de,http://etrodo.de/agb
1034,kfzteile24 GmbH,www.autoteile24.de,https://www.autoteile24.de/agb
1035,Robert Veith,www.rvshop.de,http://www.rvshop.de/c/AGB_1
1036,Mehmet Begtorun,www.idealo.de,https://www.idealo.de/preisvergleich/Shop/310454.html
1037,Christian Wolff,www.wowi-tec.de,https://www.wowi-tec.de/shop/page.php?mc=page&pageindex=3&pagename=AGB
1038,Keihome.IT S.N.C. di Giuseppe Munerato & C.,www.keihome.de,http://www.keihome.de/note_legali.php
1039,Julius Spillner GmbH & Co. Farben KG,www.color24.de,https://www.color24.de/shop_content.php?coID=3
1040,Fersys GmbH,endlich-sicher.de,https://endlich-sicher.de/unsere-agb.html
1041,camXpert GmbH,www.camxpert.com,https://www.camxpert.com/agb
1042,Schlafhandel by Matratzen Union GmbH,www.schlafhandel.de,https://www.schlafhandel.de/bestellvorgang/agb/
1043,Tripin GmbH,www.topleiter.de,https://www.topleiter.de/AGB/
1044,Einrichtungshaus WohnenLeben Fleischmann e.Kfr. - Inhaberin: Petra Fleischmann,www.einrichtenonline.com,https://www.einrichtenonline.com/allgemeine-geschaeftsbedingungen-agb
1045,HorSeven GmbH,www.pferdedecken-shop.de,https://www.pferdedecken-shop.de/agb.php
1046,Sarenza SA,www.sarenza.de,https://www.sarenza.de/agb
1047,Baltico GmbH & Co. KG,www.dealforless.de,https://www.dealforless.de/agb
1048,Globetrotter Ausrüstung GmbH,www.globetrotter.de,https://www.globetrotter.de/service/agb/
1049,Hans J. Mayr,www.fotomayr.de,https://www.fotomayr.de/webkat98/homepage.php?/webkat98/agb1.htm
1050,Ballside GmbH,www.centercourt.de,https://www.centercourt.de/AGB.phtml
